"SMILES","ALDH1_inhibition"
"COc1ccccc1CC(NC(C)=O)C(=O)NC1CCN(c2nnnn2-c2ccccc2)CC1","1"
"O=C(CSc1nc2cccnc2n1Cc1ccccc1)NCc1ccco1","1"
"Cc1cccc2cc(C[NH+](CC3CCCO3)C(c3nnnn3Cc3ccco3)C(C)C)c(O)nc12","1"
"CCN(CC)c1ccc2c(Cl)c(Br)c(=O)oc2c1","1"
"CS(=O)(=O)N1CCc2cc(-c3csc(NC(=O)Cc4cccs4)n3)ccc21","1"
"CC1CCCCN1S(=O)(=O)c1ccc(NC(=O)c2cccc(-n3cnnn3)c2)cc1","1"
"COCCN(C(=O)C(F)(F)F)C(C(=O)NC1CCCCC1)c1ccco1","1"
"COc1ccccc1N1CCN(C(=O)CSc2nnc(-c3ccoc3C)o2)CC1","1"
"O=c1c2ccccc2nc(SCc2ccccc2)n1Cc1ccco1","1"
"N#Cc1c(NC(=O)CSc2nnnn2C2CCCC2)sc2c1CCCC2","1"
"COc1ccc(C(=O)C2=C(O)C(=O)N(c3cc(C)on3)C2c2ccccc2OC)cc1","1"
"C/C([NH2+]CCC[NH+]1CCOCC1)=C1/C(=O)NC(=O)N(c2ccccc2C)C1=O","1"
"CCC(CC)COC(=O)C(C#N)c1nc2ccccc2nc1N1CCOCC1","1"
"CCc1nc(NCC[NH+]2CCOCC2)c2oc3ccccc3c2n1","1"
"Cc1cc(-n2c(C)cc(C(=O)CSc3nnnn3-c3ccccc3)c2C)no1","1"
"Cc1ccc(C)c(SCC(=O)OCC(=O)Nc2ccc(S(=O)(=O)N3CCOCC3)cc2)c1","1"
"Cc1ccc(-n2nnnc2SCC(=O)c2cc(C)n(-c3cc(C)on3)c2C)c(C)c1","1"
"O=S(=O)(c1ccc2c(c1)OCCO2)N(Cc1ccc(F)cc1)Cc1nnc(-c2cccs2)o1","1"
"CCN(C(=O)CSc1nc[nH]n1)c1cccc2ccccc12","1"
"CN(Cc1ccccc1)C(=O)CSc1nc2ccccc2c(=O)n1Cc1ccco1","1"
"O=c1oc2ccccc2c([O-])c1/C=N/Cc1ccccn1","1"
"COC(=O)c1c(N)n(-c2ccc(N3CCOCC3)cc2)c2nc3ccccc3nc12","1"
"O=C([O-])c1ccccc1C(=O)N1CCN(c2ccccc2)CC1","1"
"COc1cccc(Cn2c(=O)cnc3cncnc32)c1","1"
"O=C(c1ccco1)N1CCC[C@@]2(CC[NH+](Cc3ccncc3)C2)C1","1"
"COc1ccc(S(=O)(=O)N2CCC(C(=O)Nc3ccccc3C)CC2)c2cccnc12","1"
"CCOC(=O)N1CCN(C(=O)Nc2sc3nc4n(c(=O)c3c2C)CCC(C)CC4)CC1","1"
"O=C(CCS(=O)(=O)c1cccc2nsnc12)N1CCN(C(=O)c2ccco2)CC1","1"
"CCOC(=O)Cn1c(=O)n(Cc2ccco2)c(=O)c2ccc(C(=O)NCCc3ccccc3)cc21","1"
"CSC1=[NH+]CCN1C(=O)c1ccc2c(c1)OCO2","1"
"Cc1c(C(=O)N2CC[NH+](Cc3ccccc3)CC2)sc2ncnc(N3CCOCC3)c12","1"
"CCCCCn1c(C[NH+]2CCN(c3cc(Cl)ccc3C)CC2)nc2c1c(=O)[nH]c(=O)n2C","1"
"O=C(Nc1nccs1)C1(S(=O)(=O)c2ccc(Cl)cc2)CC1","1"
"CN(C(=O)c1ccccn1)C(C(=O)Nc1ccc2c(c1)OCCO2)c1ccccc1","1"
"CSc1ccc(C(=O)C(C)(C)[NH+]2CCOCC2)cc1","1"
"CCCn1c2ccccc2c2nnc(SCC(=O)Nc3ncccn3)nc21","1"
"CC1(C)CC(=O)C2=C(C1)OC(c1cccs1)C(C#N)=C2[NH3+]","1"
"COc1ccc(Nc2cc(=O)n(C3CCCCC3)c(=O)[nH]2)c(OC)c1","1"
"O=C(CCNS(=O)(=O)c1cccc2nonc12)N1CCN(c2cccc(Cl)c2)CC1","1"
"O=C(C[NH+]1CCN(S(=O)(=O)c2cc(Cl)ccc2Cl)CC1)Nc1ccc2c(c1)OCCO2","1"
"COc1ccc(Br)cc1CNC(=O)C1CCN(S(=O)(=O)N2CCCCC2)CC1","1"
"CC(=O)Nc1ccc(NC(=O)Cn2cnc3c(cnn3C(C)(C)C)c2=O)cc1","1"
"CCOc1ccc(NC(=O)N(CC[NH+]2CCOCC2)Cc2ccc3c(c2)CCCN3CC)cc1","1"
"COc1ccc(S(=O)(=O)N2CCC[NH+](CC(=O)Nc3ccc(OC)c(Cl)c3)CC2)cc1","1"
"CCCN1C(=O)C(O)(C2CC(=O)CC(C)(C)O2)c2ccccc21","1"
"N#CC1=C(SCC(=O)NC23CC4CC(CC(C4)C2)C3)NC(=O)C(C#N)C12CCCCC2","1"
"O=C(CCNc1cc(Cl)cc(Cl)c1)c1ccco1","1"
"CC(C)(C)c1cc(C[NH+](CCO)CCO)cc(C(C)(C)C)c1O","1"
"O=C1CC(Sc2nnc(-c3ccccc3)o2)C(=O)N1c1ccccc1","1"
"COc1ccc(N/C=C2/CCCCC2=O)cc1","1"
"CC(C)(C)c1ccc(S(=O)(=O)NCC(=O)N2CCN(C(=O)c3ccco3)CC2)cc1","1"
"CC1=C(C(=O)Nc2ccccc2)C(c2cccs2)n2nnnc2N1","1"
"CCOc1cc(C2C(C#N)=C([NH3+])SC([NH3+])=C2C#N)ccc1OCC[NH+]1CCOCC1","1"
"CS(=O)(=O)N(CC(=O)NCCSCc1c(F)cccc1Cl)c1ccc2c(c1)OCO2","1"
"CSc1ccccc1NS(=O)(=O)c1ccccc1","1"
"COC(=O)c1ccsc1NC(=O)CSc1nnnn1-c1ccccc1SC","1"
"COc1ccc(-n2nnnc2S(=O)(=O)Cc2ccc(C(=O)[O-])cc2)cc1","1"
"O=C(CC1(O)C(=O)N(Cc2ccccc2Cl)c2ccccc21)c1ccco1","1"
"CCOc1ccc(NC(=O)C2CC(=O)N3CCC[NH+]=C3S2)cc1","1"
"O=C1C2C(C(=O)N1Cc1ccco1)C1C=CC2C12CC2","1"
"CCCCN1C(=O)C(NC(C)=O)c2ccccc21","1"
"O=C(CCCN1C(=O)CSc2ncccc21)N1CC[NH+](Cc2ccccc2)CC1","1"
"COc1ccc(-n2nnnc2S(=O)(=O)CC(=O)N2CCCCC2)cc1","1"
"COc1ccc(-n2c(Cc3cccn3C)nnc2SCC(=O)Nc2ccc3c(c2)OCO3)cc1","1"
"Cc1c(C(=O)OCC2CCCO2)[nH]c2c1C(=O)CC(c1ccc(N(C)C)cc1)C2","1"
"CC(=O)NC(CC(C)C)C(=O)NC(=O)NCc1ccccc1","1"
"COC(=O)c1coc(-c2ccc(C)cc2)c1C(=O)OC","1"
"O=C(Nc1cccc(OC(F)(F)F)c1)c1ccc(Br)o1","1"
"O=C(NCc1ccco1)c1cnccn1","1"
"CCOC(=O)CC(C(=O)OCC)P(=O)(c1ccccc1)c1ccccc1","1"
"CC(=O)Oc1ccc(N2C(=O)C3C(C2=O)C2(C)C=CC3(C)O2)cc1","1"
"O=C(Nc1ccc(O)cc1)c1cc(S(=O)(=O)N2CCCC2)ccc1Cl","1"
"O=C([O-])C1CC=CCC1C(=O)Nc1cccc(Cl)c1","1"
"COc1ccc2c(c1OC)C(=O)N(c1cccc(C)c1)C2=O","1"
"Cc1cc2n(n1)SC(Nc1ccc(F)cc1)N2","1"
"CC(C)OC(=O)C[C@]12CN3C[NH+](C1)C[C@@](CC(=O)OC(C)C)(C3)C2=O","1"
"COc1ccc(Cn2nnnc2C(c2cc3ccc(OC)cc3nc2O)[NH+]2CCC(C)CC2)cc1","1"
"COc1ccccc1CN(CC(=O)NCc1ccc2c(c1)OCO2)C(=O)c1ccc2c(c1)OCCO2","1"
"Cc1ccc(CN(C(=O)c2csnn2)C(C(=O)NC2CCCC2)c2ccc(C)o2)cc1","1"
"COc1cc(S(=O)(=O)N2CCCCC2)ccc1NC(=O)c1ccccc1Cl","1"
"COc1ccc(NC(=O)C2CCN(c3nnnn3-c3ccccc3)CC2)cc1","1"
"C=CCn1c(=S)[nH]c2sc3c(c2c1=O)CCC3","1"
"CCOc1ccccc1C(C(=O)NC1CCCC1)N(Cc1ccco1)C(=O)CNC(=O)c1ccco1","1"
"O=C1c2sc3nc4n(c(=O)c3c2CCC1Br)CCCCC4","1"
"COc1ccccc1NN=C1C(=O)CC(C)(C)CC1=O","1"
"NC(=S)NNc1cccc(Cl)c1","1"
"CC1=CC(C)C2C(=O)N(O)C(=O)C2C1","1"
"CCCCN1C(=O)/C(=c2\sc3nc(=O)c(-c4ccccc4)nn3c2=O)c2ccccc21","1"
"COc1cc(NC(=O)c2cc(C(C)C)on2)c(OC)cc1Cl","1"
"COCCNC(=O)c1ccc2c(=O)n(Cc3ccco3)c(SCC(=O)NC3CCCC3)nc2c1","1"
"CCC(Sc1nc2cc(OC)c(OC)cc2c(=O)n1Cc1ccco1)C(=O)NCCOC","1"
"COc1ccc(C(=O)n2nc(C)c(Br)c2C)cc1","1"
"COc1ccc(S(=O)(=O)Nc2ccc(S(=O)(=O)N3CCCCC3)cc2)cc1C","1"
"Oc1c(/C=N/c2cccc3nsnc23)ccc2ccccc12","1"
"C=CCN1C(=O)CSc2ccc(C(=O)NCCC3=CCCCC3)cc21","1"
"CCN1C(=O)CSc2ccc(C(=O)NCc3ccccc3OC)cc21","1"
"O=C(CC1Sc2ncnn2C1=O)Nc1ccccc1","1"
"CSc1nc(C)cc(SC(C(C)=O)C(=O)Nc2ccccc2)n1","1"
"CCCn1c(/N=C/c2ccc3c(c2)OCO3)nc2ccccc21","1"
"O=c1c2cc([N+](=O)[O-])ccc2nc(C[NH+]2CCOCC2)n1-c1ccccc1F","1"
"COC(=O)c1ccccc1NC1=C/C(=N\S(=O)(=O)c2cccs2)c2ccccc2C1=O","1"
"Cc1ccc(S(=O)(=O)NCCCCCC(=O)Nc2ccccn2)cc1","1"
"O=C1C2C3C=CC(C3=C(c3ccccc3)c3ccccc3)C2C(=O)N1Cc1ccccc1","1"
"COc1cc(OC)c(-n2c(C)cc(C=O)c2C)cc1Cl","1"
"CCN1C(=O)c2cccc3c(NC(=O)c4ccc(OC)c(OC)c4)ccc1c23","1"
"Cc1ccc(C(=O)NNC(=S)Nc2cccc(Cl)c2Cl)cc1[N+](=O)[O-]","1"
"CCCCCCC(=O)Nc1cc2c(C)cc(=O)oc2cc1C","1"
"N#Cc1c(SCC(=O)[O-])nc(-c2ccccc2)c2c1CCCC2","1"
"CC(C)CC1CC(=O)OC1(C)C(=O)CSc1nc2ccccc2s1","1"
"CC1(C)CC(=O)C2=C(C1)OC([NH3+])=C(C#N)C21C(=O)N(Cc2ccccc2Cl)c2ccccc21","1"
"CCc1nc(N[C@@H](CC(C)C)C(=O)[O-])c2oc3ccccc3c2n1","1"
"O=C(CCl)N(c1ccc(Cl)cc1)c1c[nH]c2ccccc12","1"
"Oc1c(Cl)cc(Cl)cc1/C=N/c1nccs1","1"
"CN(C)c1ccc(N2C[NH+]=C3SCC(=O)N3C2)cc1","1"
"Cc1ccc(-c2csc3ncnc(N4CCN(C(=O)c5ccccc5)CC4)c23)cc1","1"
"CCOc1ccccc1-n1nnnc1SCC(=O)NC(=O)Nc1ccc2c(c1)OCCO2","1"
"O=C(Nc1cccc(S(=O)(=O)N2CCOCC2)c1)c1cc2c(s1)CCC2","1"
"CCOc1ccc(Nc2nc3cc(S(=O)(=O)N(CC)CC)ccc3o2)cc1","1"
"CCCN(CCC)C1=[NH+]/C(=C\c2ccco2)C(=O)N1c1ccccc1","1"
"CN(C)S(=O)(=O)c1cccc(C(=O)OCC(=O)c2ccc3c(c2)NC(=O)CO3)c1","1"
"CCN1C(=O)/C(=C/c2c(C)nn(C)c2C)SC1=S","1"
"Cc1ccc(C(=O)NNC(=S)NC(=O)COc2ccccc2)cc1","1"
"NNC(=O)c1cccc(COc2ccccc2Br)c1","1"
"CCCN1C(=O)/C(=C/c2cc(C)n(C)c2C)SC1=[NH+]c1ccc(OCC)cc1","1"
"Cc1ccc(C(=O)OCC(=O)Nc2ccc(N(C)C)cc2)cc1NC(=O)c1ccco1","1"
"CC1=C2[C@H](/C=C(\C)C(=O)[O-])CC[C@@H](C)[C@H]2CC1","1"
"Cn1cc(-c2nnnn2-c2ccccc2)c(=O)c2ccccc21","1"
"O=C(N/N=C/C1C(c2ccccc2)C1(Cl)Cl)c1cccc(Br)c1","1"
"N#C/C(=C/c1ccc(N2CCOCC2)o1)c1ccc(Cl)cc1","1"
"Cn1c(N/N=C/c2c[nH]c3ccccc23)nc2ccccc21","1"
"Cc1sc(NC(=O)CCl)c(C(=O)c2ccccc2)c1C","1"
"CNc1nc2nc(O)c3c(c2s1)OC([NH3+])=C(C#N)C3c1cccc(F)c1","1"
"O=[N+]([O-])c1ccc(N2CCCC2)cc1N1CCCC1","1"
"C(=N/Nc1nc2ccccc2[nH]1)\c1cccs1","1"
"CCn1c(/C=C2/C(=O)N(C)c3ccccc32)nc2ccccc2c1=O","1"
"Cc1nc(-c2ccccc2)sc1-c1nnc([S-])n1C","1"
"CN(C)S(=O)(=O)Oc1cccc(C(=O)Nc2ccc(Cl)cc2)c1","1"
"O=C(NCc1cccnc1)/C(=C/c1ccc(-c2cccc(Cl)c2)o1)S(=O)(=O)c1ccccc1","1"
"CCCOC(=S)/N=C(/NS(=O)(=O)c1ccccc1)c1ccccc1","1"
"C=CCCCCCCCCC(=O)NN","1"
"Cc1c(Cl)c([N+](=O)[O-])nn1CCCC(=O)Nc1sc2c(c1C#N)CCC2","1"
"O=C(NNC(=O)c1ccc2c(c1)C(=O)N(C1CCCCC1)C2=O)c1cccnc1","1"
"CCOc1ccc(/C=C/[N+](=O)[O-])c2ccccc12","1"
"O=C1c2ccccc2C(=O)N1CCCCN(C(=O)c1ccc([N+](=O)[O-])cc1)c1ccc(Cl)cc1","1"
"CCN(CC)c1ccc(/C=N/Nc2ccccc2)c(O)c1","1"
"COC(=O)CN1C(=O)S/C(=C/c2ccc(N3CCCCC3)o2)C1=O","1"
"C=CCc1ccc(OCCOCCOc2ccc(C)cc2[N+](=O)[O-])c(OC)c1","1"
"CN(C)c1ccc(C=C2C(=O)OC(C)(C(C)(C)C)OC2=O)cc1","1"
"O=C1/C(=C\c2ccco2)SC(=S)N1c1ccccc1","1"
"N#CC1(c2ccc(NC(=O)c3ccccc3F)cc2)CCCC1","1"
"CCOc1ccc(NC(=O)/C(=C\c2ccc(OC(C)=O)c(OC)c2)NC(C)=O)cc1","1"
"CC(=O)OCCSc1c(O)nc2ccc(Cl)cc2c1-c1ccccc1","1"
"Cc1ccc(S(=O)(=O)/N=C/c2ccc(N(C)C)cc2)cc1","1"
"Cc1ccc(C(=O)/C=C/C(=O)[O-])cc1","1"
"COc1cc(/C=C2/NC(=O)N(Cc3ccccc3F)C2=O)ccc1Oc1ccc([N+](=O)[O-])cn1","1"
"COc1cc(/C=C2/SC(=S)N(CC3CCCO3)C2=O)ccc1O","1"
"O=C1c2ccccc2C(=O)N1CCCCN(C(=O)c1cc2ccccc2oc1=O)c1ccc(Cl)cc1","1"
"COc1ccc(C(=S)N2CCOCC2)cc1OS(=O)(=O)c1ccccc1[N+](=O)[O-]","1"
"NC(=[NH+]OC(=O)CC1CCCCC1)c1cccc([N+](=O)[O-])c1","1"
"Cc1ccc([N+](=O)[O-])c(OCC[NH+]2CCCCCC2)c1","1"
"Cc1cccc(-n2c(C)cc(/C=N/NC(N)=S)c2C)c1","1"
"O=C(CCc1ccc(Oc2cc([N+](=O)[O-])cc([N+](=O)[O-])c2)cc1)N1CCCCCC1","1"
"O=C(N/N=C/c1cccs1)c1cccc(NC(=O)c2ccccc2Cl)c1","1"
"CC(C)N1C(=O)S/C(=C/c2ccc(Sc3nc4ccccc4[nH]3)o2)C1=O","1"
"CCn1c2ccc(F)cc2c2nnc(NN)nc21","1"
"CCCSC1=[NH+]/C(=C/c2ccsc2)C(=O)N1c1ccccc1","1"
"COc1ccc(CC(=O)Nc2ccc3c(C(F)(F)F)cc(=O)oc3c2)cc1OC","1"
"Cc1ccc(N2C(=O)C3C4C=CC(CNC(=S)Nc5cccc(Cl)c5)(O4)C3C2=O)cc1","1"
"Cc1ccc(N(CC(=O)NN=C2CC[NH+](C)CC2)S(=O)(=O)c2ccccc2)c(C)c1","1"
"Nc1nc(NCc2ccco2)nc(N2CCCCCC2)c1[N+](=O)[O-]","1"
"COc1ccccc1/C=N/NC(=O)c1ccc(Cn2nc([N+](=O)[O-])cc2C)cc1","1"
"C=CCN1C(=O)/C(=C/c2ccc(O)c(OC)c2)SC1=[NH+]c1nccs1","1"
"CC(C)c1ccc(/C=N/NC(=O)C(=O)NCCC[NH+]2CCOCC2)cc1","1"
"CC(C)c1ccc(N2C(=O)NC(=O)/C(=C/c3cnc(-c4ccccc4)nc3)C2=O)cc1","1"
"CC(C)CCn1cnc2c(sc3nc4c(cc32)CSC(C)(C)C4)c1=O","1"
"CCS(=O)(=O)c1nc(S(=O)(=O)c2ccc(Cl)cc2)c(N2CCc3ccccc3C2)s1","1"
"CCOC(=O)c1c(NC(=O)CS(=O)(=O)c2cn(CC)c3ccccc23)sc2c1CCCCC2","1"
"O=C([C-](Cl)Cl)N1CC[NH+](Cc2ccccc2)CC1","1"
"NNC(=O)c1ccc(COc2ccccc2)cc1","1"
"O=C(COC(=O)c1cc([N+](=O)[O-])ccc1NCCO)c1ccccc1","1"
"Cc1ccc(-n2c(C)cc(C=C3C(=O)CC(C)(C)CC3=O)c2C)cc1","1"
"O=[N+]([O-])c1ccc2[nH]c(O)c(N=NC(=S)NCC3CCCO3)c2c1","1"
"Cc1ccc(C2=NN(C(=O)CCl)C(c3cccs3)C2)o1","1"
"Cc1ccc(S(=O)(=O)NCCCCCC(=O)Nc2ccccc2)cc1","1"
"CCN(CC)S(=O)(=O)c1ccc(N2CCCC2)c(NS(=O)(=O)c2ccc(F)cc2)c1","1"
"Cc1sc2nc(CC(N)=O)nc(O)c2c1-c1ccccc1","1"
"Cc1cc(C)nc(SCc2ccc(C(=O)NN=C3C4CC5CC(C4)CC3C5)cc2)n1","1"
"O=C1C2C3C=CC(C4CC34)C2C(=O)N1/N=C/c1ccc(-c2cccc([N+](=O)[O-])c2)o1","1"
"CC(C)[C@H](NS(=O)(=O)c1cccc(Cl)c1)C(=O)OCC(=O)N1CCN(c2ccccc2)CC1","1"
"Nc1c(C(=O)NC2CC2)sc2nc3c(c(-c4ccco4)c12)CC/C3=C/c1ccco1","1"
"CCOC(=O)c1sc(N2N=C(C)/C(=C\c3ccc(OCC(=O)OC)cc3)C2=O)nc1C","1"
"CCOC(=O)c1c(-c2ccccc2)csc1/N=C/[C-]1C(=O)CCCC1=O","1"
"O=C(COC(=O)/C=C/C(=O)OCC(=O)NC12CC3CC(CC(C3)C1)C2)NC12CC3CC(CC(C3)C1)C2","1"
"CCN(CC)S(=O)(=O)c1ccc2c(c1)nc(CCC(=O)Nc1ccc3c(c1)OCO3)n2C","1"
"CCOc1ccccc1-n1c(SCC(=O)N2CCCc3ccccc32)nnc1-c1cccnc1","1"
"CCOc1cc(/C=C2\CCCC(C(=O)C(F)(F)F)=C2O)ccc1O","1"
"Cc1noc(-c2ccccc2)c1C1(O)CCCCCCC1","1"
"CCN1C(=O)N/C(=C/c2ccc(C)o2)C1=O","1"
"COc1ccc(NC(=S)Nc2ccc(OC)cc2OC)c(OC)c1","1"
"Cc1nc(N2CCOCC2)nc(N2CCCCC2)c1[N+](=O)[O-]","1"
"COc1cccc(NC(=O)C2C3CCC4C(CCC32)C4(Cl)Cl)c1","1"
"COC(=O)[C@H]1C[C@@H]1[C@H](NC(=O)c1ccccc1)c1ccccc1","1"
"COc1ccc2c(c1)C1=C(CC2)C(c2ccc(C)cc2)NC(S)=[NH+]1","1"
"COc1ccc(CCN2C(=S)N(C)C(=O)C2CC(=O)Nc2ccc(OC)cc2)cc1","1"
"O=c1[nH]sc2cc(F)ccc12","1"
"CCc1c(C)sc(NC(=O)c2cc(C(C)C)on2)c1C#N","1"
"COc1cccc2cc(C(=O)NCCC3=CCCCC3)c(=O)oc12","1"
"C=CCNC(=O)c1ccc2c(=O)n(CCCN3CCCC3=O)c(=S)[nH]c2c1","1"
"Cc1sc(C([C-]2C(=O)CC(C)(C)CC2=O)[C-]2C(=O)CC(C)(C)CC2=O)cc1[N+](=O)[O-]","1"
"COc1ccc(C(=O)CSc2nc(C)cc(C)n2)cc1[N+](=O)[O-]","1"
"O=C(Nc1cc(S(=O)(=O)N2CCOCC2)ccc1N1CCCC1)c1ccc2c(c1)S(=O)(=O)c1ccccc1C2=O","1"
"CC(C(=O)NC1C(=O)N2C(C(=O)[O-])=C(CSc3nnnn3C)CSC12)n1cc(Br)cn1","1"
"COc1ccc(C(=O)CSc2n[nH]c(C)n2)cc1[N+](=O)[O-]","1"
"COc1ccc(S(=O)(=O)CCC(=O)Nc2cc(C)ccc2OC)cc1","1"
"CCOC(=O)c1ccc(NC(=O)CSc2nc(O)c3c(C)c(C(=O)[O-])sc3n2)cc1","1"
"Cc1ccc(C(=O)N2CC[NH+](Cc3ccc4c(c3)OCO4)CC2)cc1[N+](=O)[O-]","1"
"Nc1nc(CSC(=S)N2CCCCC2)nc(Nc2ccccc2)n1","1"
"Cc1ccc(S(=O)(=O)Nc2ccc(S(=O)(=O)Nc3cc(C)nc(C)n3)cc2)cc1","1"
"CCOc1ccc(NC(=O)C2CC(=O)OC2c2ccccc2)cc1","1"
"Cc1ccc(C(=O)NCCCNc2ccccc2[N+](=O)[O-])cc1","1"
"COc1cc(NC(=S)Nc2ncccc2C)cc(OC)c1OC","1"
"COc1ccc(C2NC(S)=[NH+]C(C)=C2C(=O)Nc2ccccn2)cc1","1"
"COCCN1C(=O)/C(=C/c2cc3c(cc2Br)OCO3)NC1=S","1"
"Cn1c(=O)n(C)c2cc(NS(=O)(=O)c3ccc(C(C)(C)C)cc3)ccc21","1"
"COc1cc([N+](=O)[O-])cc(/C=N/N(CCC#N)C(C)=O)c1[O-]","1"
"N#C/C(=C/c1cn(CC(=O)[O-])c2ccccc12)C(=O)Nc1ccccc1","1"
"Cc1ccc(S(=O)(=O)Oc2ccc(/C=C(/NC(=O)c3ccccc3)C(=O)NCCCC(=O)[O-])cc2)cc1","1"
"O=C(NN=C1CCCC1)c1sc2ccccc2c1Cl","1"
"O=C(CC[NH+]1CCOCC1)c1ccc(Cl)cc1","1"
"Cc1cc(C)c2cc(C)c(SCC(=O)NCc3ccco3)nc2c1","1"
"CCOC(=O)c1c(NC(=O)C2CCCO2)sc(C)c1C","1"
"CN(CCO)c1cc(N(C)CCO)c([N+](=O)[O-])cc1[N+](=O)[O-]","1"
"O=C(CNC(=O)c1cccs1)NCC(=O)OCC(=O)c1ccc([N+](=O)[O-])cc1","1"
"CCN1C(=O)C(CC(=O)Nc2ccc(OC)cc2)N(CCc2ccccc2)C1=S","1"
"CCn1c(=O)cc(OCC(=O)Nc2ccc(OC)c(OC)c2)c2ccccc21","1"
"O=C(c1cc2nc(-c3ccc(F)cc3)cc(C(F)(F)F)n2n1)N1CCCCC1c1cccnc1","1"
"O=C(c1ccc(N2CCCCCC2)c([N+](=O)[O-])c1)N1CCC2(CC1)OCCO2","1"
"CC1CC(C)CN(C(=O)CSc2ccsc2[N+](=O)[O-])C1","1"
"Cc1ccccc1C(=O)Nc1cccc(C(=O)N/N=C/c2cc(Cl)cc([N+](=O)[O-])c2[O-])c1","1"
"CNc1cc(Cl)c2nonc2c1[N+](=O)[O-]","1"
"CCCNC(=O)c1nnsc1S(=O)(=O)c1ccc(Cl)cc1","1"
"COc1cc(C=C2C(=O)NC(=O)NC2=O)ccc1OCc1ccc([N+](=O)[O-])cc1","1"
"NNc1nc2cccnc2n(CCNc2ncc(C(F)(F)F)cc2Cl)c1=O","1"
"O=S(=O)(c1ccccc1)c1cnc(-c2ccccc2)nc1N1CCCCC1","1"
"CC(=O)c1cc(NC(=O)c2ccc(C)cc2)c(=O)oc1C","1"
"O=C(CCl)N(c1ccccc1)c1ccccc1","1"
"CN(Cc1ccccc1)c1ncc(C=O)s1","1"
"CN(C)c1nc(N(C)C)n(S(=O)(=O)c2cccc(C(F)(F)F)c2)n1","1"
"Cc1nn(C)c(Sc2ccccc2N)c1[N+](=O)[O-]","1"
"O=[N+]([O-])c1ccc(Nc2nc(NCCO)nc(N3CCCC3)n2)cc1","1"
"O=C([O-])c1cccc(-n2cccc2/C=C2/NC(=O)N(Cc3ccccc3F)C2=O)c1","1"
"CC(=O)Oc1cc2cccc(OC(C)=O)c(=O)c2c(OC(C)=O)c1OC(C)=O","1"
"Cc1ccc(C)c(C2=N[NH+]=C(NCc3ccccc3)SC2)c1","1"
"CSc1ccccc1NC(=O)C[NH+](C)CC(=O)NCc1ccccc1","1"
"Cc1cc(C(=O)CCl)c(C)n1CCc1ccc(Cl)cc1","1"
"COc1ccc(C)cc1NC(=O)C(OC(=O)C1CC1)c1ccccc1","1"
"Nn1cc(-c2ccccc2)[nH+]c1SCC(=O)NCCc1ccccc1","1"
"Cc1ccccc1-n1nnnc1SCC(=O)NCC1CCCO1","1"
"CCCn1c([S-])nc2ccc(C(F)(F)F)cc21","1"
"Cc1c(CCOC(=O)c2cc([N+](=O)[O-])cc([N+](=O)[O-])c2)sc[n+]1CC(=O)c1ccc(Br)cc1","1"
"COc1ccc(C/C(C)=N/NC(=O)c2ccc(Cl)cc2)cc1","1"
"Cc1cc(C(=O)CN2C(=O)NC3(CCCC3)C2=O)c(C)n1Cc1ccco1","1"
"CCOc1ccc(N2C(=O)/C(=C\NNc3nc(C)cc(C)n3)c3ccccc3C2=O)cc1","1"
"COc1ccc(S(=O)(=O)N2CCOCC2)cc1NC(=O)CSc1n[nH]c(C(C)C)n1","1"
"C[C@H](NC(=O)c1[nH]cnc1C(=O)N[C@@H](C)c1ccccc1)C(=O)OC(C)(C)C","1"
"O=C(Nc1ccc2c(c1)OCO2)c1cc(-c2cccnc2)nc2ccccc12","1"
"COc1ccc(NC(=O)c2cccc(S(=O)(=O)N3CCc4ccccc43)c2)cn1","1"
"CC(c1ccccc1)[NH+]1CCN(C(=O)CCl)CC1","1"
"c1ccc(Nc2scc(-c3ccccc3)[n+]2Cc2ccco2)cc1","1"
"CCN(CC)S(=O)(=O)c1cccc(NC(=O)c2ccccc2Br)c1","1"
"O=S(=O)(c1cccc(F)c1)N1CCN(C(=S)NCc2ccccc2)CC1","1"
"COc1ccc(C(CNC(=O)c2ccc(S(=O)(=O)N(C)C)cc2)[NH+]2CCCC2)cc1","1"
"COc1ccc(OCc2nnc(SCC(=O)N(C)Cc3ccccc3)n2N)cc1","1"
"CCN(CC)S(=O)(=O)c1ccc(N2CCOCC2)c(NS(=O)(=O)c2ccc(NC(C)=O)cc2)c1","1"
"O=C(CNc1cc(S(=O)(=O)N2CCOCC2)ccc1N1CCCC1)N1CCc2ccccc21","1"
"COc1ccccc1NS(=O)(=O)c1ccc([O-])c(C(=O)OCC(=O)N2c3ccccc3CC2C)c1","1"
"O=C1COc2ccc(C(=O)COC(=O)c3cnc(Cl)c(Cl)c3)cc2N1","1"
"Oc1nc2ccccc2c(O)c1O","1"
"CC1=C(C(=O)c2ccccc2)C(c2cccc([N+](=O)[O-])c2)NC(S)=[NH+]1","1"
"O=C(CCl)Nc1cc2[nH]c(O)nc2cc1Br","1"
"CC1(C)C(=O)Nc2ccccc2N1C(=O)Cn1ncc(Cl)c(Cl)c1=O","1"
"COCCCN(C(=S)NC(=O)C(C)(C)C)c1c(N)n(Cc2ccccc2)c(=O)[nH]c1=O","1"
"CCCN1C(=O)/C(=C/c2c(N3CCNC(=O)C3CC(=O)OC)nc3c(C)cccn3c2=O)SC1=S","1"
"COc1ccccc1N1CCN(C(=O)/C=C/c2cccc([N+](=O)[O-])c2)CC1","1"
"O=C(N/N=C/c1ccccn1)c1sc2ccccc2c1Cl","1"
"O=C(/C=C/c1cccc(F)c1)c1ccc(N2CCOCC2)cc1","1"
"C=CCSC(N)=[NH+]/N=C/c1cc(Br)cc([N+](=O)[O-])c1[O-]","1"
"O=C(NC(=S)NNC(=O)c1ccccc1F)c1cccnc1","1"
"S=C(N/N=C/c1cccs1)NC1CC2CCC1C2","1"
"COCCCNC(=S)NNC(=S)Nc1ccccc1","1"
"CN(C)c1ccc(SC#N)cc1","1"
"NNC(=O)c1ccc(Oc2cc(Cl)cc(Cl)c2)o1","1"
"Cc1ccc(S(=O)(=O)Nc2cccnc2Oc2ccc(Cl)cc2)cc1","1"
"COc1ccc2c(c1)[C@]1(C)CCC(=O)C[C@H]1CC2","1"
"COC(=O)NC(/C(C(=O)OC)=C(\C)[NH2+]Cc1ccccc1)c1ccc2ccccc2c1","1"
"COc1cc(C=O)c([N+](=O)[O-])cc1OC","1"
"CNC(=O)Oc1ccc2c(c1)[C@]1(C)CC[NH+](C)[C@@H]1N2C","1"
"CC1=C(/C=C/C(C)=C/C=C/C(C)=C/C(=O)[O-])C(C)(C)CCC1O","1"
"COc1cccc(C(=O)CC2c3c(c(Br)c4c(c3OC)OCO4)CC[NH+]2C)c1","1"
"C=CCOC(=O)C1(C(NC(=O)OC)c2ccccc2)C(=O)Cc2ccccc21","1"
"COC(=O)C12CC3=CC(CC3=O)Cc3ccccc3[C@@H]1CNC2=O","0"
"CCON=C1C(C)(C)C(C)(C)C(C)(C)C1(C)C","0"
"c1cncc(C[NH2+]CCN2CC[NH2+]CC2)c1","0"
"CC(C)c1cc(C[NH+](C)C)c(O)c(C(C)(C)C)c1","0"
"C[C@@H]1CCCC(CC(=O)[O-])(CC(=O)[O-])C1","0"
"CC(CCc1ccccc1)[NH2+]C(C)C(O)c1ccc(O)cc1","0"
"NC(=[NH2+])N[C@@H](CCC(=O)[O-])C(=O)[O-]","0"
"CCc1cc(Cl)c(OC)c(C(=O)NC[C@@H]2CC[NH+](CC)C2)c1O","0"
"C[N+]1(C)C2CCC1CC(OC(=O)C(CO)c1ccccc1)C2","0"
"COC(=O)C1C(OC(=O)c2ccccc2)CC2CCC1[NH+]2C","0"
"CC(c1cc2ccccc2s1)N(O)C(N)=O","0"
"C/C=C1\C2C=C(C)CC1([NH3+])c1ccc(O)nc1C2","0"
"C=C1O[C@@](CO)(n2cnc3c(N)ncnc32)[C@H](O)[C@@H]1O","0"
"C[C@H]1Cc2c(-c3ccccc3)nc3c(c2CO1)CN(S(=O)(=O)c1ccc2c(c1)OCCN2C)CC3","0"
"COC(=O)CCC(=O)OC1(C)C(=O)C=C2C=C(C3CC3)N(CC(C)C)C=C2C1=O","0"
"COC(=O)CCCC1=CC2=CC(=O)C(C)(OC(=O)c3cccs3)C(=O)C2=CN1CC[NH+]1CCOCC1","0"
"c1ccc2c(N3CC[NH2+]CC3)cccc2c1","0"
"CCC[NH+](CCC)CCc1ccc(O)c(O)c1","0"
"COc1cc2c(cc1OC)C(=O)N(C)CC2","0"
"Cn1c(=O)c(C(=O)COC(=O)c2cc(C(F)(F)F)nc3c(C(F)(F)F)cccc23)c(N)n(CC2CC2)c1=O","0"
"C=C(C)C1CC=C(C)C(O)C1","0"
"C=CCOC(=O)C(C(C)=O)C(NC(=O)OC)c1cccc(C)c1","0"
"CC[N+](CC)(CC)CC(=O)Nc1c(C)cccc1C","0"
"CN/C(=N/C#N)NCCSCc1nc[nH]c1C","0"
"COc1ccccc1N1CC[NH+](CCn2c(=O)[nH]c3c([nH]c4ccccc43)c2=O)CC1","0"
"CCCNC(=O)OC[C@@H]1O[C@H](CCON=C(C)C)C=C[C@@H]1Oc1ccc(OC)cc1","0"
"CSC(=[NH2+])NCCCC([NH3+])C(=O)[O-]","0"
"COC1CC(OC2CC[C@@]3(C=O)C4CC[C@]5(C)C(C6=CC(=O)OC6)CC[C@@]5(O)C4CC[C@]3(O)C2)OC(C)C1O","0"
"CC(N/C(=N/C#N)Nc1cc[nH+]cc1)C(C)(C)C","0"
"C/C=C/c1ccc2c(c1)OCO2","0"
"CCS(=O)(=O)CCn1c([N+](=O)[O-])cnc1C","0"
"O=C(CSc1nnc(-c2ccc(C(F)(F)F)cn2)o1)Nc1ccccc1Cl","0"
"Cc1nc(N)nc(COc2ccccc2)n1","0"
"Cc1ccc2c(c1)oc(=O)n2CC(=O)c1ccccc1","0"
"c1ccc2c(c1)CCCN2c1nc(N2CCOCC2)nc(N2CCOCC2)n1","0"
"O=C(Nc1ccccc1Cl)N1CCCN(c2nc(-c3ccccc3)ns2)CC1","0"
"CC(C)(C)c1ccc([NH+]=C2SCC(=O)N2Cc2cccs2)cc1","0"
"COc1cccc(NC(=S)Nc2cc(C)cc(C)n2)c1","0"
"COc1ccc(C(C)=O)cc1COc1ccc(Cl)cc1Cl","0"
"CC(C)N(CCC#N)C(=O)Nc1ccc2c(c1)CCO2","0"
"O=C(NNc1ccc(F)cc1)c1c(F)cccc1Cl","0"
"Nc1nnc(CSCc2ccccc2Cl)s1","0"
"N#C/C(=C\c1cccc(O)c1)C(=O)Nc1ccc2c(c1)OCCO2","0"
"Cc1cccc(NC2=C(C#N)C(=O)NC3(CCCC3)S2)c1","0"
"Cc1ccc(OCC(=O)Nc2ccc3c(c2)nc(CC[NH+]2CCN(C)CC2)n3C)cc1","0"
"O=C([O-])c1ccc2c(=O)n(-c3ccc(F)c(Cl)c3)c(=S)[nH]c2c1","0"
"CCOC(=O)Nc1cc(NC(=O)OCC)c(C)nc1C","0"
"Nc1nnc(SCc2cn3cc(Cl)ccc3[nH+]2)s1","0"
"O=C(c1cc(=O)c2ccccc2o1)N1CCN(c2ccccc2)CC1","0"
"CCS(=O)(=O)N1Cc2ccccc2CC1C(=O)Nc1cccc(C)c1","0"
"O=C1CN(C(=O)COC(=O)CNS(=O)(=O)/C=C/c2ccccc2)c2ccccc2N1","0"
"CCOc1ncccc1C(=O)N1CCN(c2ccc(C(F)(F)F)cn2)CC1","0"
"N=c1sccn1CC(=O)Nc1cccc(S(=O)(=O)N2CCCCCC2)c1","0"
"CCC(=O)c1ccc(OCc2ccc(C#N)cc2)cc1","0"
"COc1ccccc1NS(=O)(=O)c1ccc([O-])c(C(=O)OCc2cccc([N+](=O)[O-])c2)c1","0"
"CN(C(=O)COC(=O)c1cccnc1O)C1CCCCC1","0"
"COc1ccc(N2C(=O)CC(NNC(=O)c3cc(C)oc3C)C2=O)cc1","0"
"C/C(=N\Nc1ncc(Cl)cc1Cl)c1ccccn1","0"
"Cc1ccc2c(Cl)cc(Cl)c(OCC(=O)NCCc3ccccn3)c2n1","0"
"CCOC(=O)c1ccccc1NC(=O)CSc1nc(O)c2ccccc2n1","0"
"O=C(COC(=O)c1cccnc1O)NC1CCCCCCC1","0"
"NC(=O)COC(=O)c1cccc(S(=O)(=O)N2CCN(c3ccc(F)cc3)CC2)c1","0"
"CC(C)[NH2+]Cc1nnc(-c2ccccc2Cl)o1","0"
"CC(C)NC(=O)CSc1nnc(-c2ccc(F)cc2)c2ccccc12","0"
"CCOc1ccccc1NC(=O)COC(=O)C1CC1","0"
"Cc1c(NC(=O)CN2C(=O)NC3(CCCCC3)C2=O)c(=O)n(-c2ccccc2)n1C","0"
"O=C1OCCC1Sc1nnc(-c2ccc3c(c2)OCO3)o1","0"
"CC(NC(=O)c1ccc(Cl)cc1Cl)C(c1ccccc1)[NH+]1CCOCC1","0"
"CC(Nc1ccc(F)cc1F)C(=O)NC(=O)NC1CCCCC1","0"
"CC(C)N1C(=O)CSC1c1ccc(Br)cc1","0"
"CCOc1ccc2[nH]c(SCC(=O)NCc3ccc(OC)c(OC)c3)nc2c1","0"
"COc1ccc(CCNC(=O)COC(=O)/C=C/c2cccs2)cc1OC","0"
"Cc1nn(CC(=O)c2ccc(Cl)s2)c(C)c1[N+](=O)[O-]","0"
"O=C(CSc1nnc(-c2ccncc2)o1)N1CCc2ccccc2C1","0"
"CCN(C(=O)CSc1nc2ccccc2c(=O)n1-c1ccc(C)cc1)C1CCS(=O)(=O)C1","0"
"CC(=O)c1ccc(OC(=O)c2ccc(-n3nc(C)cc3C)cc2)cc1","0"
"CC1CN(C(=O)COC(=O)c2nn(-c3ccccc3)c(=O)c3ccccc23)CC(C)O1","0"
"CCN(C(=O)CSc1nnc(-c2ccncc2)n1Cc1ccccc1)C1CCS(=O)(=O)C1","0"
"Cc1cc(N)c2ccccc2[nH+]1","0"
"CCOC(=O)C(NCCC[NH+]1CCOCC1)=[NH+]Nc1cccc(C(F)(F)F)c1","0"
"CCOc1ncccc1C(=O)OC(C)C(=O)NC(=O)NC1CCCCC1","0"
"CC(C)NC(=O)NC(=O)COC(=O)c1cccc(OC(F)F)c1","0"
"C[NH+](C)C(CNC(=O)Cc1cccc(C(F)(F)F)c1)c1ccco1","0"
"COc1cc(SC)ccc1C(=O)OCC(=O)NC1CCCCC1","0"
"CC(C)=Cc1oc2ccc([N+](=O)[O-])cc2c1N1CC(C)OC(C)C1","0"
"Cc1ccc(C(=O)Nc2ccc(C(F)(F)F)n(C)c2=O)cc1","0"
"O=C(COC(=O)c1ccccn1)Nc1ccccc1OC(F)F","0"
"COCCNC(=O)NC(=O)CSc1nc(C)c(C)c(C)n1","0"
"COc1ccc(CC(=O)OCC(=O)NCc2ccccc2Cl)cc1OC","0"
"Cc1ccc(C(=O)Nc2nc(O)ns2)cc1","0"
"CC(=O)c1cc(C#N)c(NCc2cc(-c3ccccc3)no2)nc1C","0"
"Cc1ccc(C2=NN(CC(=O)NCc3cccs3)C(=O)CC2)cc1","0"
"CCC(C)NC(=O)Cn1cnc2sc(C)c(S(=O)(=O)N3CCN(c4ncccn4)CC3)c2c1=O","0"
"COc1cc2nc([S-])nc(Nc3ccc(NC(C)=O)cc3)c2cc1OC","0"
"CCc1ccc(/C=C2/Sc3ccccc3N(CC(=O)NCCCOC)C2=O)cc1","0"
"[O-]c1[nH]nc(-c2ccccc2)c1/C=N/c1ccc(F)cc1F","0"
"COC(OC)c1ccnc(-c2ccc(OC(=O)c3ccc(F)cc3)cc2)n1","0"
"CCOC(=O)Cn1nc(C)n(-c2c(C)cccc2C)c1=O","0"
"Cc1nnsc1SCCNC(=O)Nc1ccc(Cl)cc1","0"
"CCOC(=O)c1cnn(-c2ccccc2)c1-n1cccc1C(=O)C(=O)N(CC)CC","0"
"O=C(Cc1ccc(-n2c(=O)c3ccccc3n(Cc3ccccc3Cl)c2=O)cc1)NCC1CCCO1","0"
"Cn1cc(C(=O)Nc2ccc(Cl)cc2)c(C(F)(F)F)n1","0"
"CC(=O)N[C@@H]1c2c(ccc3ccccc23)OC[C@@H]1COC(C)=O","0"
"CCS(=O)(=O)c1ccc2c(c1)N(S(=O)(=O)c1ccc(C)cc1)CC(C(=O)[O-])O2","0"
"Cc1nnc(-c2ccccc2)nc1O","0"
"O=C([O-])C1CN(c2ncccc2[N+](=O)[O-])C1","0"
"O/N=C\c1ccccc1Oc1ccc(F)cc1","0"
"COC(=O)C1CCN(c2cnccn2)CC1","0"
"Cn1c(CO)c[nH+]c1SCc1ccc(F)cc1","0"
"NC(=O)c1sc2nc3c(cc2c1N)CCC3","0"
"CC1(C)CN(c2cccc(C#N)c2)C1=O","0"
"O=C(Cc1ccccc1)NNC(=O)C1CCN(c2ncccn2)CC1","0"
"COC(=O)Cc1c([O-])ccn(Cc2ccc3c(c2)OCO3)c1=O","0"
"NC(=O)c1sc2cc(C(F)(F)F)cnc2c1-c1ccccc1","0"
"CN(C)C=[NH+]NC(=O)c1ccc(Cl)cc1","0"
"Cc1occc(=O)c1OCc1ccccc1","0"
"COC(=O)C(NS(=O)(=O)c1ccc(C)cc1)c1ccccc1","0"
"NC(=O)Cn1nnc(-c2ccc(NC(=O)c3ccc(F)cc3)cc2)n1","0"
"C[NH+]1CCN(C(=O)Nc2ccccc2CC[N+](=O)[O-])CC1","0"
"CC1(C)CC2=Nc3ccccc3NCC2=C(O)C1","0"
"CC(C)(C)c1ccc(/C=N/Nc2cccc(C(=O)[O-])c2)cc1","0"
"CC(C)(C)c1ccc(NC(=O)c2ccccc2)c([N+](=O)[O-])c1","0"
"Cc1cccc(NC(=O)CCNS(=O)(=O)c2cccc3nonc23)c1","0"
"CCc1ccc(NC(=O)Cn2ncc3c4ccccc4n(C)c3c2=O)cc1","0"
"Cc1ccc(NC(=O)C2CC(=O)n3c(nc4ccccc43)N2)cc1Cl","0"
"COc1ccc(-n2ccnc2SCC(=O)NC2CCCC2)c(OC)c1","0"
"CCC1CCCC[NH+]1CCCNC(=O)CCCOc1cc(=O)n(C)c2ccccc12","0"
"Nc1cccc(S(=O)(=O)c2ccc(N)c(N)c2)c1","0"
"COc1ccc(C2C(C(=O)Nc3ccc(OC)c(OC)c3)c3ccccc3C(=O)N2C)cc1","0"
"CCCC(=O)N1CCN(c2ccc(NC(=O)c3ccc([N+](=O)[O-])o3)cc2)CC1","0"
"O=[N+]([O-])C(CN1CCCCC1)=[NH+]Nc1ccc(Br)cc1","0"
"Cn1c(Cc2ccccc2)nnc1SCC(=O)NCCc1ccccc1","0"
"O=C(NNC1CC(=O)N(c2ccccc2)C1=O)c1ccco1","0"
"CCCCC(=O)Nc1cc([N+](=O)[O-])ccc1F","0"
"COc1cccc(NC(=S)NC2CC3CCCC(C2)[NH+]3CC(C)C)c1","0"
"CC(C)(C)NC(=O)C(c1cccs1)N(Cc1cccs1)C(=O)c1csnn1","0"
"COCCNC(=O)CN(Cc1cccs1)C(=O)CCC(=O)Nc1nccs1","0"
"Cc1cc(C)n(-c2cc(Cl)ccc2[N+](=O)[O-])n1","0"
"Cc1cc(Br)ccc1OCC[NH2+]Cc1ccccc1","0"
"COc1ccc(-c2csc3ncnc(Cl)c23)cc1","0"
"COc1ccc(C(=O)NNC(=O)CSc2nc3c(c(=O)n(C)c(=O)n3C)n2C)cc1","0"
"CC(=O)Nc1ccc(Nc2cc(-c3ccccc3)nc3ncnn23)cc1","0"
"CN(Cc1ccccc1)C(=O)c1ccco1","0"
"CN(C)C(=O)c1ccc(N/C=C(\C=O)c2nc3ccccc3o2)cc1","0"
"CSc1ccc(NC(=O)Nc2cccn(Cc3ccccc3F)c2=O)cc1","0"
"COc1cc(C)nc(Oc2ccc(OCCOc3ccccc3)nn2)n1","0"
"CCOc1cccc(NC(=O)C2CC(=O)N(c3ccc(F)cc3)C2)c1","0"
"Cc1ccc(Cl)cc1N(CC(=O)NCc1ccc2c(c1)OCO2)S(C)(=O)=O","0"
"CS(=O)(=O)N1CCC(C(=O)NCc2ccc3c(c2)OCO3)CC1","0"
"CC(=O)Nc1ccc(NC(=O)Nc2ccc(C)cc2C)cc1","0"
"COC(=O)CCC(=O)Nc1cc(Cl)cc(Cl)c1","0"
"CC12C[NH+](Cc3ccccc3)CC(C)(C[NH+](Cc3ccccc3)C1)C2=O","0"
"CCOCCCNC(=O)c1cnc2cc(OC)ccc2c1O","0"
"CN(C)S(=O)(=O)Nc1ccccc1F","0"
"O=C([O-])COc1ccccc1/C=N/NC(=O)c1cc2ccccc2cc1O","0"
"CCc1nnc(NC(=O)CSc2nnc(-c3ccc(O)cc3)n2C)s1","0"
"COc1cccc(C(=O)Nn2cnnc2)c1","0"
"Cc1c(Cl)c([N+](=O)[O-])nn1CC(=O)N1CC[NH+](Cc2ccccc2)CC1","0"
"Cc1ccc2c(c1)Oc1ccccc1C=C2C(=O)[O-]","0"
"CC(C)[NH+]1CCN(Cc2cccc(-n3cccn3)c2)CC1CCO","0"
"COc1ccc(C(=O)C2CCC[NH+](Cc3ccon3)C2)cc1OC","0"
"COCCN1CC[NH+](Cc2cn(C)nc2-c2cccc(Cl)c2)CC1","0"
"COc1ccc(F)cc1C(=O)C1CCC[NH+](Cc2c(C)n(C)n(-c3ccccc3)c2=O)C1","0"
"Cc1cccc(Cc2nnc(CCC(=O)NCc3cn4ccccc4[nH+]3)o2)c1","0"
"CC[NH+](Cc1ccccc1)Cc1nc(CCc2ccccc2)no1","0"
"C[NH+]1CCC(CO)(Cc2ccccc2)CC1","0"
"CCOC(=O)C1(CCc2ccccc2)CCN(C(=O)c2cccc(C)n2)CC1","0"
"CCc1ccc(C2c3[nH]c4ccccc4c3CCN2C(=O)CNC(N)=O)cc1","0"
"CCc1cc2c(=O)c(-c3nc(C)cs3)c(CCCC(=O)[O-])oc2cc1O","0"
"C[NH+](Cc1ccccn1)Cc1nc(COc2ccccc2)no1","0"
"O=C(CCn1ccc([N+](=O)[O-])n1)Nc1nccs1","0"
"CCOC(=O)c1ccc(NC(=O)c2cc(O)nc3ccccc23)cc1","0"
"CC(C)(C)c1cc(NC(=O)Nc2ccccc2Cl)no1","0"
"O=C(c1ccccc1Cl)N(Cc1ccccc1F)N1C(=O)CCCC1=O","0"
"Cc1ccc(SCCC(=O)Nc2ccccc2Br)cc1","0"
"O=C(NCc1cccnc1)c1cccc(-c2cc3ccccc3oc2=O)c1","0"
"COc1ccc(CNC(=O)c2cc(-c3ccncc3)nc3c(C)cc(C)cc23)cc1OC","0"
"Cc1ccc(S(=O)(=O)N2CCOCC2)cc1C(=O)NCc1cccs1","0"
"CCOc1c(Cl)cc(C[NH2+]C(C)C(O)c2ccccc2)cc1OC","0"
"CCNC(=O)c1ccc(C23CC4CC(CC(C4)C2)C3)o1","0"
"Fc1ccc(OCc2nc3ccccc3s2)cc1","0"
"CC1CCCN(C(=S)NC2CCCC2)C1","0"
"Cn1ncc(N2CCN(C(=O)c3ccc(Cl)cc3)CC2)c(Cl)c1=O","0"
"COc1ccc(C)cc1NC(=O)CC1COc2ccccc2O1","0"
"Nc1ncnc(Oc2ccccc2F)c1[N+](=O)[O-]","0"
"COC(=O)COc1cc2ccccc2cc1C(=O)Nc1ccccc1","0"
"O=C(Nc1cccnc1)Nc1ccc(Cl)cc1Cl","0"
"Cc1c(O)ccc(NC(=O)/C=C/c2ccccc2)c1C","0"
"CCCS(=O)(=O)N1CCN(S(=O)(=O)c2ccccc2[N+](=O)[O-])CC1","0"
"O=C([O-])/C(=C/c1ccco1)c1ccccc1","0"
"Cc1ccc(-c2noc(CN(C)C(=O)Nc3ccc(F)cc3)n2)cc1","0"
"CCOC(=O)[N-]C(=S)Nc1ccc(OC)cc1","0"
"CCOC(=O)c1ccc(NC(=S)Nc2cc(C)cc(C)n2)cc1","0"
"CCC(C)(C)NC(=O)Nc1cc(Cl)ccc1OC","0"
"COc1c(Cl)ccc(Cl)c1C(=O)NC(=S)N1CCOCC1","0"
"CCc1ccc2c(c1)C(O)(CC(=O)c1cccs1)C(=O)N2","0"
"CC(=O)c1ccc(N/C=C\C(=O)c2ccc(C)cc2)cc1","0"
"O=C(Nc1ccccc1C(=O)NCC[NH+]1CCOCC1)c1ccc(Cl)cc1Cl","0"
"COCC(C)NC(=S)NC(=O)c1cc(S(=O)(=O)N2CCOCC2)ccc1C","0"
"Cc1cc(SCC(=O)N(C)c2c(N)n(Cc3ccccc3)c(=O)[nH]c2=O)nc2ccccc12","0"
"Cc1sc2ncnc(SCC(=O)NC(C)(C)C)c2c1C","0"
"COc1ccc(N2C(=O)CC([NH+](C)CCc3ccc(OC)c(OC)c3)C2=O)cc1","0"
"O=C(NNC(=O)C1CCCCC1)c1ccc(Br)cc1","0"
"O=[N+]([O-])c1ccc(N2CC[NH+](CCO)CC2)cc1Sc1ccccn1","0"
"Cc1ccccc1N1C(=S)NC2c3ccccc3OC1(C)C2C(=O)N(C)C","0"
"Cc1cccc(N2C(=S)NC3c4ccccc4OC2(C)C3C(=O)N(C)C)c1","0"
"COc1ccc(CCNC(=O)C2CC(=O)N(c3ccc(C(C)(C)C)cc3)C2)cc1OC","0"
"Cc1cccc(NC(=O)c2ccc(COc3ccc4ccccc4c3)o2)n1","0"
"O=C([O-])CC1NC(=O)N(C2CCCCC2)C1=O","0"
"COc1cc(S(=O)(=O)N2CCN(c3ccccc3)CC2)ccc1F","0"
"CC[NH+](Cc1nc(-c2ccc(Cl)cc2)no1)CC1CCCO1","0"
"Cc1cccc(N2CCN(C(=O)C3(S(=O)(=O)c4ccc(Cl)cc4)CC3)CC2)c1C","0"
"COc1ccccc1CCc1nnc(CCC(=O)NC(C)Cc2ccsc2)o1","0"
"COC(=O)Cn1cc([N+](=O)[O-])nc1C","0"
"CCc1ccc(C[NH+](C)Cc2nc(Cc3ccccc3)no2)nc1","0"
"COc1cccc(C[NH+]2CCNC(=O)C2CC(=O)N2CCOc3ccccc3C2)c1OC","0"
"CC(=O)c1sc(NC(=O)COc2ccc([N+](=O)[O-])cc2)nc1C","0"
"CCCNC(=O)C(=O)NCc1ccccn1","0"
"O=C(N/N=C\c1cccc(F)c1)c1ccc(Cn2cc(Br)c([N+](=O)[O-])n2)o1","0"
"O=C(CSc1nnc(-c2cccc(F)c2)o1)Nc1nncs1","0"
"COc1ccc(CC2(CO)CC[NH+](CC3=CC[C@H]4C[C@@H]3C4(C)C)CC2)cc1","0"
"CCOC(=O)COc1ccccc1/C=C1\NC(=O)NC1=O","0"
"Cn1c(CNc2cccc(Cl)c2)nnc1SCC#N","0"
"Cc1n[nH]c2c1C(c1cnn(C)c1)C(C#N)=C([NH3+])O2","0"
"CCOC(=O)N/N=C\c1ccc([N+](=O)[O-])s1","0"
"COc1ccc(-c2n[nH]c(SC(CC(=O)NCC[NH+]3CCOCC3)c3cccs3)n2)cc1","0"
"Oc1nc(-c2ccc(Cl)cc2)n2ccncc12","0"
"CCC(=O)Nc1ccc(C(=O)N/N=C/c2c(C)[nH]c3ccccc23)cc1","0"
"COc1ccc(OCC(=O)Nc2cccc(NC(=O)c3ccco3)c2)cc1","0"
"CCN1C(=O)CC([NH+]2CCN(c3cccc(OC)c3)CC2)C1=O","0"
"O=C(C1=C[C@@H](c2csc3ccccc23)C[C@@H](OCCCCO)O1)N1CC[NH+](Cc2ccc3c(c2)OCO3)CC1","0"
"O=C(CSc1ncnc2ccccc12)NCCc1ccccc1","0"
"Fc1ccc(-n2nnc(-c3ccnc4ccccc34)n2)cc1","0"
"COC(=O)[C@H](C)[C@@H]1C[C@@]1(C)[C@@H](NC(=O)OCc1ccccc1)c1ccccc1","0"
"COc1ccc(/C=C/C(=O)NCCOc2ccc(C)cc2)cc1","0"
"OC(C#CC[NH+]1CCCC1)(c1ccccc1)c1cccc(F)c1","0"
"[NH2+]=C(NOC(=O)COc1ccc(Br)cc1)c1cccnc1","0"
"CN(c1cccc(NC(=O)c2ccccc2N(C)S(=O)(=O)c2ccccc2)c1)S(C)(=O)=O","0"
"CCCC1=NN2C(=[NH2+])/C(=C/c3c[nH]c4ccccc34)C(=O)[NH+]=C2S1","0"
"CCn1c(Cc2ccccc2)nnc1SCc1cccc(C(=O)[O-])c1","0"
"O=C(Cn1cncn1)c1ccc(F)cc1F","0"
"CCNC(=S)Nc1ccc(OCC)cc1","0"
"COc1ccc(Br)cc1C(=O)Nc1cccc(C)c1C","0"
"Cc1cc(OCCn2ccnc2)ccc1C(C)C","0"
"Cc1cc(C)c(-n2nnnc2SC(C)C)c(C)c1","0"
"C/C=C/C=N/Nc1nc(-c2ccc([N+](=O)[O-])cc2)cs1","0"
"C[NH+]1CCN(NC(=O)c2cccc(Br)c2)CC1","0"
"Cc1occc1C(=O)NN1C(=O)C2C3CCC(O3)C2C1=O","0"
"COc1ccc(N)c2c1OCCC2=O","0"
"Cc1nn(-c2cc(N(S(C)(=O)=O)S(C)(=O)=O)c(Cl)cc2Cl)c(=O)n1C","0"
"CC(C)(C)NC(=O)C12CCC(C(Br)Br)(C1Br)C2(C)C","0"
"c1ccc(Sc2cccc3ccccc23)c(CNC2=[NH+]CCN2)c1","0"
"COc1ccc(CCNC(=O)c2cc(C(=O)c3cc(C)ccc3O)cn(CCc3ccc(OC)cc3)c2=O)cc1","0"
"CCOc1cc(N2CCOCC2)c(OCC)cc1NC(=O)COC(=O)c1cc2ccccc2cc1O","0"
"Cc1nc(C)c(C(=O)NNS(=O)(=O)c2ccc([N+](=O)[O-])cc2)s1","0"
"O=C(CCN1CC[NH+](Cc2ccccc2)CC1)NNC(=O)Cc1ccc(Cl)c(Cl)c1","0"
"O=C(COC(=O)CCCNC(=O)c1ccc(Cl)cc1)Nc1cc(Cl)c(Cl)cc1Cl","0"
"CCc1cccc(C)c1NC(=O)COn1nnc2ccc(C(F)(F)F)cc21","0"
"CC(C)(C)C(=O)NC(NC(=O)C(C)(C)C)c1ccc([N+](=O)[O-])cc1","0"
"COC(=O)c1ccc(CSc2nnc(-c3ccc4c(c3)OCO4)n2-c2ccccc2)o1","0"
"Cc1c(C(=O)Nc2nc3ccccc3[nH]2)oc2ccccc12","0"
"CS(=O)(=O)c1ccc(C(=O)NCC2([NH+]3CCCCC3)CCCCC2)cc1","0"
"COCCNC(=S)N/N=C(\C)c1cccc([N+](=O)[O-])c1","0"
"Cc1ccc(-n2c(SCC(=O)c3c(N)n(C)c(=O)n(C)c3=O)nc3sc4c(c3c2=O)CCCC4)c(C)c1","0"
"CCOC(=O)c1c(C)[nH]c(C)c1C(=O)CSc1nc2ccccc2n1CC","0"
"N#Cc1cccc(NC(=O)COC(=O)c2ccccc2Sc2ccccc2C#N)c1","0"
"CC(C)C(NC(=O)c1ccccc1)C(=O)OCc1cc([N+](=O)[O-])cc2c1OCOC2","0"
"NNC(=O)COc1ccc(F)cc1","0"
"CCNC(=O)COc1cccc(C(=O)NCc2ccccc2)c1","0"
"Fc1cc(NCc2ccccc2)nc(NCc2ccccc2)n1","0"
"Cc1ccc(-n2c([S-])nnc2-c2nn(C)cc2Cl)cc1","0"
"CCNC(=O)CCSc1nnc(-c2ccco2)o1","0"
"Cc1ccc(C(=O)N/N=C(\CC(C)C)c2ccccc2)cc1","0"
"COc1ccc(Cl)cc1-n1c(C)ccc1C","0"
"COC(=O)NC1CCC(NC(=O)OC)CC1","0"
"CC1(C)CC(O)=C(C(=O)Cc2ccccc2)/C(=N\CCc2ccccc2)C1","0"
"CCn1cc(Br)c(C(=O)NC(=S)Nc2cc([N+](=O)[O-])ccc2C)n1","0"
"O=C(Cn1cc(C(F)(F)F)ccc1=O)N/N=C/c1ccc(Cl)cc1","0"
"O=C(CSCC(=O)NC1CCCC1)Nc1ccccc1","0"
"Cc1nn(CC(=O)OCC(=O)Nc2ccccc2[N+](=O)[O-])c(C)c1[N+](=O)[O-]","0"
"O=C([O-])C1CCCCC1C(=O)NCc1ccncc1","0"
"N#CC1=C([NH3+])Nc2nc3ccccc3n2C1c1ccc(Cl)cc1","0"
"Cc1cc(C)c(-c2csc(NC(=O)c3cc([N+](=O)[O-])ccc3N3CCOCC3)n2)c(C)c1","0"
"Nc1c2c([nH+]c3sc4c(c13)CCCC4)CCCCCC2","0"
"COc1ccc(CN2C(=O)/C(=C\Nc3ccc(C)cc3)c3ccccc3C2=O)cc1","0"
"CN(c1ccc(OCC(=O)OCC(=O)Nc2c(F)c(F)c(F)c(F)c2F)cc1)S(=O)(=O)c1ccc(F)cc1","0"
"C/C(CC(=O)Nc1cccnc1)=N\NC(=O)C(=O)Nc1cccc(C)c1","0"
"CCOc1cc(/C=N\NC(=O)C[NH+]2CCOCC2)ccc1OCc1ccc(C(=O)[O-])cc1","0"
"O=C(N/N=C/c1cc(Br)ccc1O)c1ccccc1Cl","0"
"O=C(CCc1nc2ccccc2s1)OCc1ccccc1F","0"
"O=C(COC(=O)CCSc1ccc(Cl)cc1)NCCc1ccccc1","0"
"C/C(=N\NC(=O)c1ccc([N-]S(=O)(=O)c2cccs2)cc1)c1ccc(Cl)cc1","0"
"COc1ccc(CN2C(=O)c3ccccc3C2=O)cc1C(=O)OCC(=O)NC1CCCCC1","0"
"O=C(NNC1=[NH+]CCC1)c1cccc(S(=O)(=O)N2CCOCC2)c1","0"
"CCCCNC(=S)NNC(=O)c1ccc2c(c1)OCO2","0"
"COc1ccccc1/C=N/OCC(=O)NCc1ccc2c(c1)OCO2","0"
"Cc1cc(C)nc(SCc2cc(=O)c(OC(=O)c3ccc(S(=O)(=O)N(C)C)cc3)co2)n1","0"
"O=C(Cc1ccccc1)Nc1nc(-c2cccc([N+](=O)[O-])c2)cs1","0"
"COc1ccccc1C(=O)Nc1ccc(C)cc1C(=O)c1ccccc1","0"
"O=C(CNC(=O)c1ccc(S(=O)(=O)N2CCCC2)cc1)N/N=C/c1ccc(Cl)cc1","0"
"O=C(NCc1ccc(F)cc1)C(=O)NCC1OCCN1C(=O)c1ccc(Cl)cc1","0"
"CCC(=O)c1ccc(-c2ccccc2)cc1","0"
"COc1ccc(/C=C(\C#N)C(=O)Nc2cccnc2)cc1","0"
"O=C(CCn1c2c(c3ccccc31)CCCC2)NNC(=O)c1ccc(Cl)c([N+](=O)[O-])c1","0"
"CC(=O)N1CCC(N(CC[NH+]2CCOCC2)C(=S)Nc2cccc(C)c2C)CC1","0"
"O=C([O-])c1ccc(O)c(N2C(=O)Nc3ccccc3N2[O-])c1","0"
"Cc1cccc(NC(=S)N(CCC[NH+]2CCOCC2)Cc2ccccn2)c1","0"
"CC(=O)c1cc2c(cc1N/C(=N/S(=O)(=O)c1ccc(C)cc1)c1ccc(Cl)cc1)OCO2","0"
"Cc1cccc(C)c1NC(=S)Nc1c(C)n(C)n(-c2ccccc2)c1=O","0"
"CC(C)c1onc(C(=O)NCc2ccc(F)cc2)c1[N+](=O)[O-]","0"
"COc1ccc(C(=O)N/N=C/c2ccc(OC(=O)c3cccc4ccccc34)c([N+](=O)[O-])c2)cc1","0"
"CCOc1ccc(N2C(=O)/C(=C\c3ccccc3OC)S(=O)(=O)C2c2cccc([N+](=O)[O-])c2)cc1","0"
"CCOC(=O)c1c(-c2ccccc2)csc1NC(=O)c1cc2ccccc2oc1=O","0"
"Cc1ccc(/C=N/NC(=O)Nc2ccccc2)o1","0"
"Cc1cc(/C=C(\C#N)C(=O)NC2CC2)c(C)[nH]1","0"
"COc1ccc(N(C(=O)/C=C/C(=O)Nc2cc(C)on2)C(C(=O)NC2CCCC2)c2ccccc2C)cc1","0"
"Cc1ccc(S(=O)(=O)N2CCC(C(=O)Nc3nnc(-c4ccc(F)cc4)s3)CC2)cc1","0"
"CCOC(=O)C1=C(C)C2C3C(=O)N(c4ccc(C)cc4C)C(=O)C3C1(C)C1C(=O)N(c3ccc(C)cc3C)C(=O)C21","0"
"CC1CCN(c2ccc(/C=C(\C#N)c3nn(-c4ccccc4)c(N)c3C#N)cc2[N+](=O)[O-])CC1","0"
"COc1ccc2[nH]c(O)c(N=O)c2c1","0"
"Cc1ccc(C2OCC3(CO2)COC(c2ccc(C)cc2)OC3)cc1","0"
"O=C(Nc1ccc(C2CC2(Cl)Cl)cc1)c1ccccc1Br","0"
"O=S(=O)(Nc1ccc(N2CCCCC2)cc1)c1ccccc1","0"
"O=C(CCN1C(=O)/C(=C/c2ccc3c(c2)OCO3)SC1=S)Nc1ccccc1","0"
"CCCCCCOC(=O)Nc1ccc(S(=O)(=O)Nc2cccc([N+](=O)[O-])c2)cc1","0"
"O=C1NN(c2ccccc2)C(=O)C2C1C1C=CC2C12CC2","0"
"O=C(Cc1cccs1)N1CCN(S(=O)(=O)c2ccc(F)cc2)CC1","0"
"Cc1ccc(S(=O)(=O)NNC(=O)C(O)(c2ccccc2)c2ccccc2)cc1","0"
"Cc1ccc(-n2c(C)cc(=O)cc2C)c(C)c1","0"
"O=C(Cc1ccccc1)NCc1ccc(F)cc1","0"
"O=C(N/N=C/c1ccc[nH]1)c1cccc([N+](=O)[O-])c1","0"
"CCCCC(=O)Nc1ccc(C(=O)NNC(=O)CCCOc2ccc(Cl)cc2Cl)cc1","0"
"C=CCOc1c(CNc2ccc(C(=O)[O-])cc2)cccc1OCC","0"
"Cc1cccc(OCC(=O)O[NH+]=C(N)Cc2cccs2)c1","0"
"Fc1cccc(C[NH+]2CCN3CCCC3C2C2CCCCC2)c1","0"
"CCc1c(C)sc(NC(=O)OC)c1C(N)=O","0"
"Cc1cccc(OCCCn2c(CCNC(=O)C(C)C)nc3ccccc32)c1","0"
"CC(Sc1ccccc1)C(=O)Nc1ccccc1C(=O)N1CCOCC1","0"
"O=C(Nc1ccc(F)cc1)c1cn(-c2ccccc2)nc1-c1ccncc1","0"
"Cc1c(Cl)cccc1NC(=S)N1CCC(C(N)=O)([NH+]2CCCCC2)CC1","0"
"CCOc1cc(C=C(C(=O)OC)C(=O)OC)ccc1OCc1ccc([N+](=O)[O-])cc1","0"
"Cc1ccccc1OCC(=O)NNC(=O)c1ccc(-c2ccccc2)cc1","0"
"COC(=O)c1cc(NS(=O)(=O)c2ccc(N3CCCCCC3)c([N+](=O)[O-])c2)cc(C(=O)OC)c1","0"
"COc1ccc(OCCCCOc2ccccc2Cl)cc1","0"
"Cc1cccc(NC(=O)C2=C(O)c3ccccc3N(C)S2(=O)=O)c1","0"
"COc1ccccc1NC(=O)c1csc(-n2nc(C)cc2C(F)(F)F)n1","0"
"COC(=O)c1cc2n(n1)CCN(Cc1ccc(F)cc1)C2=O","0"
"N#Cc1ccccc1Sc1ccccc1C(=O)Nc1ccccc1","0"
"C[NH+](C)/C=C/C(=O)c1ccc(F)cc1","0"
"Cc1ccc(NC(=O)c2ccc(N/N=C/c3cccc(O)c3)c([N+](=O)[O-])c2)cc1","0"
"CN(C)c1cc[n+](CC(=O)Nc2ccc([N+](=O)[O-])cc2Cl)cc1","0"
"O=C(COc1ccc(Cl)cc1)Nc1ccc(C(=O)NCc2cccnc2)cc1","0"
"CCN(CC)c1ccc(CC(=O)NC(C)Cc2ccccc2)cc1","0"
"Cc1cccc(OCC(=O)Nc2sc3c(c2C#N)CCC3)c1","0"
"COc1cc2c(cc1OC)C1Cc3c(cnc4c(-c5ccc(Cl)cc5)cnn34)C(=O)N1CC2","0"
"O=C(/C=C/c1ccc(OCCCF)cc1)NCc1ccc(Cl)cc1","0"
"O=C(Cn1cncn1)NCc1ccccc1Br","0"
"Cc1cc(C)n(Cc2ccc(Cl)c(Cl)c2)c(=O)c1S(=O)(=O)c1ccccc1","0"
"Cc1ccc(NC(=O)CSc2nnc(-c3cnccn3)n2-c2ccccc2)cc1","0"
"CCn1nnc(NC(c2ccc(F)cc2)P(=O)(OC(C)(C)C)OC(C)(C)C)n1","0"
"Cc1ccc(NCc2nnc(SC(C)C(=O)N/N=C/c3ccc(C)o3)n2-c2ccccc2)cc1","0"
"Clc1cccc2ccccc12","0"
"COc1ccc(/C=N/NC(=O)c2ccc(Cn3cc([N+](=O)[O-])cn3)o2)cc1O","0"
"Cc1cc(NC(=O)c2c(Cl)cnn2C)no1","0"
"O=C(NC1CCCC1)c1nc(O)c2nnn(Cc3ccccc3Cl)c2n1","0"
"C[NH+]=C1S/C(=C\c2ccc(Sc3ccc(Cl)cc3)o2)C(=O)N1C","0"
"C[NH2+]Cc1ccccc1Sc1ccc(OC)cc1","0"
"CCn1nc(C(=O)Nc2ccccc2C)c(Cl)c1Cl","0"
"COc1cc(/C=N/NC(N)=S)ccc1OC(=O)c1ccc(C)cc1","0"
"CCn1nc(C)c(C(=O)Nc2cc(Oc3ccc(Cl)cc3)cc([N+](=O)[O-])c2)c1C","0"
"Cc1cc(C(=O)N/N=C\c2ccc(COc3ccc([N+](=O)[O-])cc3)o2)ccc1[N+](=O)[O-]","0"
"COc1cc(/C=N\NC(=O)CNC(=O)c2cccc([N+](=O)[O-])c2)ccc1O","0"
"CCOC(=O)/C(=N\Nc1ccc(Cl)cc1)C(=O)c1ccc([N+](=O)[O-])cc1","0"
"CS(=O)(=O)N(CC(=O)Nc1cc(Cl)ccc1Cl)c1ccccc1Cl","0"
"Cc1cc(C)c(NC(=O)CN2C(=O)NC3(CCOc4ccccc43)C2=O)c(C)c1","0"
"C=CCn1c(SCC(=O)NCc2ccc3c(c2)OCO3)nc2scc(-c3ccc(F)cc3)c2c1=O","0"
"O=C(COC(=O)C1COc2ccccc2O1)NC(=O)NC1CCCCC1","0"
"CCC(Sc1nc(N)cc(N)n1)C(=O)[O-]","0"
"COc1ccc(-n2cnnc2SCC(=O)N2CCN(S(=O)(=O)c3ccccc3)CC2)cc1","0"
"O=[N+]([O-])c1ccc2c(c1)nnn2O","0"
"CCc1ccc(C(=O)CSc2nnc(C)c(O)n2)cc1","0"
"CSCCC(NS(=O)(=O)c1ccc(Cl)cc1)C(=O)OCC(=O)NC12CC3CC(CC(C3)C1)C2","0"
"Cc1oc2nc(SCC(=O)Nc3ccc(S(N)(=O)=O)cc3)nc(NC(=O)c3ccccc3)c2c1C","0"
"O=C(Nc1cccnc1)c1cc(F)cc(F)c1","0"
"COc1ccc(-c2nnc(SC(C)C(=O)Nc3c(C)n(C)n(-c4ccccc4)c3=O)o2)cc1","0"
"CCOC(=O)c1c(C)[nH]c(C(=O)COC(=O)CN2C(=O)C3CCCCC3C2=O)c1C","0"
"COc1ccccc1-c1csc(Cc2nnc3n2CCCCC3)n1","0"
"CCCOC(=O)c1ccc(NC(=O)c2cn(CC)c3nc(C)ccc3c2=O)cc1","0"
"COc1ccc(NS(=O)(=O)c2cccc(C(=O)OCC(=O)Nc3cc(C)on3)c2)cc1","0"
"Cc1cc(C)n2nc(SCC(=O)N(C)C)nc2n1","0"
"CC12CCC(c3c(C(=O)[O-])nn(-c4ccc(F)cc4)c31)C2(C)C","0"
"CC/C(C)=C1\SC(N2CCN(c3cccc(C(F)(F)F)c3)CC2)=[NH+]C1=O","0"
"CC(C)NC(=O)CC1OC(=O)c2ccccc21","0"
"Cn1c(NC(=O)c2ccc(Cl)cc2)c(-c2ccccn2)c(=O)c2ccccc21","0"
"O=c1c2ccccc2nc(-c2ccc(Cl)cc2Cl)n1CCCn1ccnc1","0"
"COc1ccc2nc(O)c(CNc3ccccc3)cc2c1","0"
"CCN1C(=O)N(c2ccc(Cl)cc2)C(C)=CC1(C)C","0"
"C/C(=N\c1ccccc1)c1sc2ccccc2c1O","0"
"CCOc1ccc(NC(=O)CCNS(=O)(=O)c2ccc3c(c2)CCC(=O)N3)cc1","0"
"Cc1ccc2[nH]cc(C(=O)C[NH+]3CCN(C)CC3)c2c1","0"
"CC(C)N/C(=N\C#N)SCc1ccccc1","0"
"Cc1cc(NC(=O)c2cccc(S(=O)(=O)N3CCCCCC3)c2)no1","0"
"C#CCOC(=O)C(NC(=O)c1ccccc1)=C1CCCCC1","0"
"CC1(C)CC(=O)C2=C(C1)OC1=C(C(=O)CC(C)(C)C1)C2c1ccccc1","0"
"[O-][n+]1onc2c3c4c(n(O)c3ccc21)CCCC4","0"
"O=C1NCCN=C1/C=C(/O)c1ccccc1","0"
"CC(C)CCNC(=O)C1CCN(c2nnc(-n3cccc3)s2)CC1","0"
"CCCCNC(=O)C1CCN(S(=O)(=O)c2c(C)noc2/C=C\c2ccc(OC)cc2)CC1","0"
"Cc1ccc2nc(N3CCN(c4cccc(C)c4C)CC3)c3nnnn3c2c1","0"
"CC(=O)N(Cc1ccco1)C1(C(=O)NC2CCCC2)CCCCC1","0"
"COc1cccc(-c2cc(C(=O)Nc3cccnc3)no2)c1","0"
"COc1cc(NC(=O)CSc2ncccc2C(=O)OC(C)C)cc(OC)c1","0"
"Cc1ccc(C)c(NC(=O)c2cc3ccccn3n2)c1","0"
"CCOC(=O)N1CCC(N2C(=O)c3ccccc3C2Nc2c(C)cccc2C)CC1","0"
"Cc1nnc(SCC(=O)NCc2ccco2)n1-c1ccccc1","0"
"Cc1sc2ncnc(SCC(=O)c3ccc(Cl)s3)c2c1C","0"
"Oc1ccc(Cl)cc1C1=CC(C(F)(F)C(F)F)=NCC[NH2+]1","0"
"CCOC(=O)c1sc(Nc2ccc(C)cc2C)nc1C","0"
"COc1cccc(C(=O)Nc2ccc(N3CC[NH+](Cc4ccccc4)CC3)cc2)c1","0"
"CCCCNc1nc(CC(C)=O)ns1","0"
"CC1(C)N=C(SCC(=O)Nc2ccc(Cl)cc2)C(c2ccc(Cl)cc2)=N1","0"
"CCn1c(=O)n(CC(=O)Nc2cc(OC)c(OC)c(OC)c2)c(=O)c2ccccc21","0"
"Fc1ccccc1OCCCCSc1ncccn1","0"
"CC[NH+](CC)CCCNC(=O)c1[nH]c(C)c(C(=O)NC2CCCCC2)c1C","0"
"Cc1nc2ccccc2cc1C(=O)[O-]","0"
"Oc1c(-c2ncc(C(F)(F)F)cc2Cl)cnc2c(F)c(F)c(F)cc12","0"
"Cc1ccc(C(=O)CC(=O)c2cc(Cl)ccc2O)cc1","0"
"CSc1cccc(NC(=O)C(C)NS(=O)(=O)c2ccc(F)cc2)c1","0"
"CCC(C)NC(=O)Nc1ccc2c(c1)N(C)C(=O)c1ccccc1S2","0"
"CCOC(=O)N1CCC(N(CCOC)C(=O)Nc2ccc(C)c(C)c2)CC1","0"
"COC(=O)c1cn(CCOc2ccc(C)cc2)c2ccccc12","0"
"CC(NC(=O)c1cc2c(s1)CCCC2)C(C)(C)C","0"
"Cc1cccnc1N(C(=O)Nc1cccc(Cl)c1)C1=[NH+]CC(C)(C)S1","0"
"Cn1c(C[NH+]2CCCC2)nc2cc(NC(=O)COc3ccc([N+](=O)[O-])cc3)ccc21","0"
"CCOC(=O)C(NC(=O)c1ccc(OC)cc1)(N1CCCC1=O)C(F)(F)F","0"
"CCOC(=O)/C(CCC[N+](C)(CC)CC)=N\O","0"
"CC1CCc2c(sc(NC(=O)C(=O)NCc3ccco3)c2C#N)C1","0"
"NC(=O)[C@@H]1CCNc2c(I)cc([N+](=O)[O-])cc2C(=O)N[C@@H](CCC(=O)[O-])C(=O)N[C@@H](CO)C(=O)N1","0"
"Brc1ccc(C2=NC(Cc3ccccc3)CO2)cc1","0"
"O=C(NCc1ccc(N2CCCC2=O)cc1)Nc1cccc2ccccc12","0"
"COC(=O)c1nn(-c2ccccc2)nc1-c1nn(-c2ccccc2)nc1C(=O)OC","0"
"CCOc1ccc(C2Sc3ccccc3N=C3COC(O)=C32)cc1","0"
"Cc1cccc(CC2SC(Nc3ccccn3)=[NH+]C2=O)c1","0"
"CC(C)(C)n1nnnc1C(c1ccc(Cl)cc1)[NH+](Cc1cccnc1)Cc1ccco1","0"
"C=CCOc1ccc(CNc2nccs2)cc1","0"
"NNc1nc(Nc2ccccc2)nc(N2CCCCC2)n1","0"
"c1ccc2cc(OCc3nc4ccccc4[nH]3)ccc2c1","0"
"CCc1cc2c(-n3nc(C)cc3C)ncnc2s1","0"
"CCOC(=O)C(C)CC(C)C(=O)N1CCOCCN(C(=O)C(C)CC(C)C(=O)OCC)CCOCC1","0"
"COc1ccc(Cl)cc1C(=O)NCC#N","0"
"COCCCNC(=O)C1CCCN(S(=O)(=O)c2ccc(C)cc2)C1","0"
"CS(=O)(=O)N1CCC(C(=O)[O-])CC1","0"
"COc1ccc(S(=O)(=O)Nc2ccc3c(c2)OCO3)cc1C","0"
"Cc1ccc(NC(=[NH2+])Nc2nc(O)c3c(n2)CCCC3)c(C)c1","0"
"O=C(NCc1ccco1)c1nc(O)c2nnn(Cc3ccccc3Cl)c2n1","0"
"CC(C)CC(=O)Nc1cccc(C(=O)Nc2ccccc2C(=O)[O-])c1","0"
"O=C(C[NH+]1CCC(c2nc3ccccc3s2)CC1)NCc1ccccc1","0"
"Cc1ccc2c(c1)N1C(=O)c3ccccc3C1C1=C(O)CC(C)(C)CC1=N2","0"
"CCCCCC1CC(CC(=O)Nc2nncs2)C(=O)O1","0"
"Cc1c(NC(=O)CCC(=O)N2CCOCC2)c(=O)n(-c2ccccc2)n1C","0"
"CS(=O)(=O)NCCCNc1ccc(Cl)cc1[N+](=O)[O-]","0"
"CCCn1c(-c2ccc(F)cc2)nc2c(N3CC[NH+](CCC(=O)OCC)CC3)nc(C)nc21","0"
"C=C[C@@]1(C)CC(=O)[C@]2(O)[C@](C)(O1)[C@@H](OC(C)=O)[C@@H](O)[C@H]1C(C)(C)CC[C@H](O)[C@@]12C","0"
"CN(C)CC[NH+](C)CCc1ccc(Cl)c(Cl)c1","0"
"Nc1c[n+](N2CCOCC2)no1","0"
"c1ccc(C[NH+]2CCC3(CCc4ccccc43)CC2)cc1","0"
"CC[N+](CC)(CC)CC[C@](O)(c1ccccc1)C1CCCCC1","0"
"c1ccc([C@@H]2CN3CCSC3=[NH+]2)cc1","0"
"Oc1nc2cc(Cl)ccc2o1","0"
"CCC(C)C(NC(=O)c1ccccc1NC(=O)c1ccco1)C(=O)NC1CCCCC1","0"
"O=C1NCCCC1C(=O)NCCN1C(=O)CCC1=O","0"
"CC1Cc2ccccc2N1C(=O)c1ccc2snnc2c1","0"
"C=CCn1c(=O)n(CCC#N)c(=O)n(CCC#N)c1=O","0"
"COc1ccc(C[NH+]2CCCCC2c2cccnc2)c(OC)c1C","0"
"C=C(C)Cn1c(-c2ccccc2)nc2ccccc21","0"
"CC(C)CC(/C(O)=C(\C#N)c1nc2ccccc2[nH]1)N1C(=O)c2ccccc2C1=O","0"
"CC(=O)Nc1ccc(S(=O)(=O)N(CC(=O)[O-])Cc2ccccc2)cc1","0"
"CC(C)C(=O)N1CCC(C[NH2+]C=C2C(=O)N(C3CCCCC3)C(=O)N(C3CCCCC3)C2=O)CC1","0"
"CCCCP(=O)([O-])c1ccccc1","0"
"COC(C(=O)Nc1cccc(F)c1)c1ccccc1","0"
"Cc1nc(C2CC(=O)OC23CCCCC3)cs1","0"
"Cc1onc(-c2ccccc2Cl)c1C(=O)NCc1cccnc1","0"
"COc1ccc(NC(=O)c2cnn3c(C(F)(F)F)cc(-c4ccco4)nc23)cc1OC","0"
"COc1ccc(/N=C/C2=C(O)OCC2)cc1","0"
"CC(C)c1ccccc1OCCNS(C)(=O)=O","0"
"CCOC(=O)Oc1ccc2oc(=O)cc(C)c2c1","0"
"Cn1c(SCc2cccnc2)nnc1-c1c[nH]c2ccccc12","0"
"CCN(C1CCCCC1)S(=O)(=O)c1cn(C)c(=O)n(C)c1=O","0"
"CC1Cc2ccccc2N1C(=O)c1cnc2n(c1=O)CCS2","0"
"CC(C)Nc1ncnc2c1cnn2-c1ccc(Cl)cc1","0"
"CCOc1ccc(C(=O)Nc2cc(C)c3c(=O)oc4ccccc4c3n2)cc1","0"
"O=C(CSc1nnc(Cn2c(=O)sc3ccccc32)n1-c1ccccc1)NCC1CCCO1","0"
"CC1(C)Oc2ccc3ccc(=O)oc3c2-c2c[nH]nc21","0"
"O=C(Cc1ccccc1)n1nc(-c2ccccc2)nc1NCc1ccco1","0"
"O=C(c1ccc(CS(=O)(=O)c2ccc(Br)cc2)o1)N1CCN(c2ccccn2)CC1","0"
"CCOc1ccc(-n2c(CC)nc3ccccc3c2=O)cc1","0"
"Cc1ccccc1-n1c(Cn2c(=O)sc3ccccc32)nnc1SCC(=O)NCC1CCCO1","0"
"Cc1cc(NC(=O)C2COc3ccccc3O2)no1","0"
"O=C(C1CCCN(S(=O)(=O)c2cccnc2)C1)N1CCn2c1nc1ccccc12","0"
"Cc1cc(C(=O)C[NH+]2CC(C)OC(C)C2)c(C)n1-c1ccccc1","0"
"COc1ccccc1NC(=O)CSc1nnc(-c2ccccc2)o1","0"
"CCn1c(COc2cccc3cccnc23)nnc1SCC(=O)[O-]","0"
"COc1cccc(-c2nc(CS(=O)(=O)CC(=O)NCc3ccc(Cl)cc3)c(C)o2)c1","0"
"COCCNS(=O)(=O)c1ccc(C2CNC(=O)C2)cc1","0"
"CCCc1cc(C(=O)Nc2ccccc2C(=O)OC)no1","0"
"CC1(C)CC(=O)C2=C(C1)N(c1ccc(F)cc1)C(=O)CC2c1cccnc1","0"
"Cc1c(C(=O)NCCCN2CCCC2=O)oc2ccccc12","0"
"O=C(CCC1COc2ccccc2O1)Nc1ccc(Cl)cn1","0"
"Cc1ccc(NC(=O)COc2ccc3oc4c(c3c2)CCCC4)nc1","0"
"O=C(c1ccco1)N1CCN(S(=O)(=O)c2cccc(C(F)(F)F)c2)CC1","0"
"CC(=O)c1ccccc1NS(=O)(=O)c1c(C)nn(-c2ccccc2)c1C","0"
"COc1ccc(OC)c(NS(=O)(=O)c2ccc3c(c2)n(C)c(=O)n3C)c1","0"
"COc1ccc(NC(=O)c2oc3cc(C)c(C)cc3c2C)c(OC)c1","0"
"O=S(=O)(c1cccc2cccnc12)n1cnc2ccccc21","0"
"COc1cc(S(=O)(=O)Nc2cccnc2)ccc1F","0"
"O=C(CCn1cnc2ccccc2c1=O)Nc1ccc(S(=O)(=O)N2CCCCC2)cc1","0"
"CC(C)(C)c1cc(Cc2ccccc2)[nH]n1","0"
"O=c1nc(NC2CCCC2)ccn1Cc1cccc(Br)c1","0"
"COc1ccccc1Oc1coc2cc(OC(=O)N3CCOCC3)ccc2c1=O","0"
"O=C1CC(c2c[nH]c3ccccc23)C(=O)N1","0"
"O=C(Nc1ccccn1)c1cc(-n2cnnc2)ccc1Cl","0"
"O=C(CCN1C(=O)c2ccccc2C1=O)N1CCC(c2ccccc2)C1","0"
"Brc1cccc(-c2nnco2)c1","0"
"Fc1cc2nccnc2cc1N1CCSCC1","0"
"COCCNC(=O)c1ccc(C(=O)NCCOC)s1","0"
"COc1cccc(S(=O)(=O)N2CCN(c3ccccc3F)CC2)c1","0"
"O=C(C[NH+]1CCCCC1)NCCNC(=O)C[NH+]1CCCCC1","0"
"COCC(C)NC(=O)c1ccccc1OC(C)=O","0"
"Cn1nc(C(=O)NCC[NH+]2CCOCC2)c2ccccc2c1=O","0"
"CCOC(=O)Cn1nnc(-c2ccc(S(C)(=O)=O)cc2)n1","0"
"O=C(Nc1ccccc1N1CCCCC1)c1cccc(F)c1","0"
"CCOC(=O)N1CCN(C(=O)Nc2ccc(Cl)cc2Cl)CC1","0"
"Cn1c(=O)c2c(nc(NCc3ccco3)n2C)n(C)c1=O","0"
"COc1ccc(NC(=O)c2ccc(N(C)S(C)(=O)=O)cc2)cc1OC","0"
"c1ccc2nc3c(nc2c1)c1ccccc1n3CC[NH+]1CCOCC1","0"
"Cc1ccc(NC(=O)CN(c2ccccc2F)S(C)(=O)=O)cc1","0"
"Cc1cc(C(=O)Nc2ccc3c(c2)OCO3)cs1","0"
"C=CCNC(=O)C(C)N1C(=O)c2ccccc2C1=O","0"
"CCOC(=O)C1CCN(C(=O)CN(Cc2ccccc2)S(C)(=O)=O)CC1","0"
"CCn1c([S-])nnc1-c1c[nH]c2ccccc12","0"
"CS(=O)(=O)N(CC(=O)N1CC[NH+](Cc2ccccc2)CC1)Cc1ccccc1","0"
"Nn1c(SC/C=C/c2ccccc2)nnc1-c1ccco1","0"
"CCNC(=O)Cn1cnc2c1c(=O)n(C)c(=O)n2C","0"
"CC(C(=O)NC1=[NH+]CCS1)(C(F)(F)F)C(F)(F)F","0"
"[S-]c1nnc(Cc2ccccc2)n1Cc1ccco1","0"
"CSc1cccc(NS(=O)(=O)c2cccs2)c1","0"
"O=S(=O)(CCc1nc2ccccc2o1)c1ccc(Cl)cc1","0"
"Cc1n[nH]c(C)c1SCC(=O)Nc1ccc(F)cc1","0"
"Cc1cc(NC(=O)CSc2nc3ccccc3[nH]2)no1","0"
"CS(=O)(=O)c1nncn1-c1ccccc1","0"
"Cc1nc2sc(C(c3cccc(F)c3)[NH+]3CCC(O)CC3)c(O)n2n1","0"
"CCOC(=O)CNC(=O)C(NC(=O)C1CCC(C)CC1)C(C)CC","0"
"O=C1CCC(C(=O)NC2(C(=O)NC3CCCCC3)CCCCC2)N1","0"
"CCOC(=O)C(CC)n1cnc2c(nnn2-c2ccc(C)cc2)c1=O","0"
"CCC[NH+](CCC)CCNC(=O)C(NS(=O)(=O)c1ccc2c(c1)CCC(=O)N2)c1ccccc1","0"
"COc1ccccc1-c1cc(C(=O)Nc2c(F)cc(F)cc2Br)no1","0"
"O=C(CSc1nc(O)c(C2CCCCC2)c(O)n1)NCC1CCCO1","0"
"COC(=O)CNc1c(-c2ccccn2)nc2ccc(Br)cn12","0"
"Cc1ccc(N(C(=O)C2CCCC2)C2C=CS(=O)(=O)C2)cc1C","0"
"CCCOC(=O)NC(CC)COC(=O)Nc1cccc(C)c1C","0"
"Cc1n[nH]c(C)c1S(=O)(=O)N1CCCC(C(=O)NCc2cccs2)C1","0"
"Cc1ccc(CNC(=O)CN2CCN(Cc3ccc(C)cc3)C2=O)cc1","0"
"CC(NC(=O)c1ccco1)C(c1cccs1)[NH+]1CCN(c2ccccc2F)CC1","0"
"N#CC1=C([NH3+])Oc2cc(O)ccc2C1c1ccncc1","0"
"COCCCNC(=O)CSc1nc2ccccc2c(=O)n1CCCC(=O)NCC1CCCO1","0"
"CCOC(=O)c1[nH]c(C)c(C(=O)N2CCN(C(=O)OCC)CC2)c1CC","0"
"Oc1ccccc1Oc1ncc(Br)c(N2CCOCC2)n1","0"
"CCSc1nnc(-c2ccccc2NC(C)=O)c(O)n1","0"
"COc1ccc(N2CC[NH+](CCCNC(=O)c3cc4sccc4n3C)CC2)cc1","0"
"Cc1nccn1S(=O)(=O)c1ccc(Br)cc1Br","0"
"c1ccc(-c2nnc3ccc(N4CCC5(CC4)OCCO5)nn23)cc1","0"
"COCCCNC(=O)c1ccc2c(c1)ncn2-c1ccccc1OC","0"
"O=C1CCCCCC1C1(O)C(=O)Nc2ccc(Br)cc21","0"
"O=C(NC1CCCCC1)C1CCN(S(=O)(=O)N2CCOCC2)CC1","0"
"COc1cccc(-n2nnc3c(=O)n(Cc4cccc(F)c4)cnc32)c1","0"
"O=C(NCc1cn2ccsc2[nH+]1)c1cccc(C(F)(F)F)c1","0"
"CCOC(=O)N1CCN(C(=O)CCCN2C(=O)CSc3nc(C)cc(C)c32)CC1","0"
"CCC[NH+](CCC)CCNC(=O)C1CC[NH+](Cc2nc(-c3ccc(Cl)cc3)oc2C)CC1","0"
"COc1ccccc1-c1cc(C(=O)NCC[NH+]2CCOCC2)no1","0"
"CCc1ccc(Nc2oc(C)cc(=O)c2C(C)=O)cc1","0"
"CCC(Sc1nc2nnc(C)c-2c(N)n1-c1cc(Cl)ccc1C)C(=O)N1CCOCC1","0"
"Oc1nncc2c3ccccc3n(Cc3ccc(F)cc3)c12","0"
"CCN(CCCNC(=O)CC(C(=O)N1CCc2ccccc21)n1ccnc1)c1cccc(C)c1","0"
"COc1cccc(/C=N/c2cc(C)on2)c1O","0"
"NS(=O)(=O)c1ccc(CCNc2cc(=O)n(Cc3ccc(F)cc3)c(=O)[nH]2)cc1","0"
"COc1ccc(CCNC(=O)Cn2cnc3c(cnn3C(C)(C)C)c2=O)cc1OC","0"
"CC1CC(C)CN(C(=O)Cn2c(=O)n(CCCCC(=O)NC3CCCC3)c(=O)c3ccccc32)C1","0"
"CCN(c1cccc(C)c1)S(=O)(=O)c1ccc2c(c1)CCN2C(C)=O","0"
"COCc1cc(C)nc(SCC(=O)Nc2cccc(C)c2C)c1C#N","0"
"COc1cccc(-n2nnc3c(=O)n(CC(=O)N4CCCCC4)cnc32)c1","0"
"COc1cc(NS(=O)(=O)c2ccc(F)cc2)c(C(=O)[O-])cc1OC","0"
"CC(C(=O)[O-])N1C(=O)CSc2ncccc21","0"
"COC(=O)c1c(C)nc2ccccc2c1C(=O)[O-]","0"
"COc1ccc(C2Nc3ccccc3C(=O)N2O)cc1OC","0"
"CCOC(=O)N1CCN(C(=O)c2cn(-c3ccc(C)c(C)c3)c(=O)c3ccccc23)CC1","0"
"CCOC(=O)c1cc2n(c1C)-c1ccccc1C2=O","0"
"CCOC(=O)N1CCN(C(=O)CCn2c(=S)[nH]c3cc(OCC)c(OCC)cc3c2=O)CC1","0"
"Cn1cc(-c2nc3cnc(N4CC[NH+](C)CC4)nc3n(CCc3ccccc3)c2=O)c2ccccc21","0"
"CC(=O)N1CCC2(CC1)CCN(c1ccccc1)CC2","0"
"N#Cc1ccc(C[NH+]2CCC3(CC[NH2+]CC3)CC2)cc1","0"
"COc1cccc(Nc2ncc3nc(CCc4ccccc4)c(=O)n(C4CC4)c3n2)c1","0"
"O=C(c1cccc(F)c1)N1CCC2(CC1)CC[NH+](Cc1ccncc1)CC2","0"
"O=C(Oc1ccccc1)N1CCC2(CCCN(c3ncccn3)C2)CC1","0"
"COc1cccc(Cn2c(=O)c(C)nc3cnc(Nc4ccccc4)nc32)c1","0"
"C[NH+](C)Cc1ccccc1-c1ccc2ncnc(NCc3cccs3)c2c1","0"
"C[NH+](C)Cc1ccccc1-c1ccc2ncnc(N3CCOCC3)c2c1","0"
"CC1CCCCC12NC(=O)N(Cn1nnc3ccccc3c1=O)C2=O","0"
"COc1ccc(NC(=O)COc2ccccc2C#N)c(S(=O)(=O)N2CCCCC2)c1","0"
"Cc1cc(O)nc(NC(=[NH2+])Nc2cccc3ccccc23)n1","0"
"O=C(OCC(=O)N1CCOCC1)C(c1ccccc1)c1ccccc1","0"
"C[NH+](C)C(CNC(=O)C1CCCN(C(=O)c2ccc(Cl)cc2)C1)c1ccco1","0"
"CC1(C)Cc2cccc(OCC(=O)Nc3ccccc3N3CCOCC3)c2O1","0"
"Cc1csc(C2=C(N)[NH+](CCc3ccccc3)CC2=O)n1","0"
"N#C/C(=C(/O)COC(=O)CCCNC(=O)c1ccc(Cl)cc1)c1nc2ccccc2[nH]1","0"
"Cc1cc(NC(=O)c2cncc(Br)c2)n(-c2ccccn2)n1","0"
"CCCC1(CCC)NC(=O)NC1=O","0"
"O=C1c2ccccc2C(=O)N1CCCCSc1nnc(-c2ccc(OC(F)F)cc2)o1","0"
"O=C(NCC(c1cccs1)[NH+]1CCOCC1)c1cc2ccccc2o1","0"
"O=C(COc1ccc(Cl)cc1)N1CCN(c2ncccn2)CC1","0"
"C=CCn1c(SCC(=O)NCc2cccs2)nnc1C1CCCCC1","0"
"Cc1sc2ncnc(OCC(=O)NCc3cccs3)c2c1C","0"
"N#C/C(=C1/CCCCC[NH2+]1)c1nc2ccccc2s1","0"
"O=C(c1ccco1)N1CC[NH+](CC(O)COc2ccc3oc4ccccc4c3c2)CC1","0"
"CC(=O)NS(=O)(=O)c1ccccc1","0"
"COc1ccc(-n2c(C)cc(C(=O)Cn3nnc4ccccc4c3=O)c2C)cc1","0"
"Cc1cc(=O)n2c(ccc3ccccc32)c1C#N","0"
"O=C(COC(=O)CCC(=O)c1ccc(F)cc1)Nc1ccc(N2CCOCC2)cc1","0"
"Cc1cc(C)c2c(C[NH+]3CCN(C)CC3)cc(=O)oc2c1","0"
"COCCn1c(C)nc2oc3ccc(Br)cc3c(=O)c2c1=O","0"
"CN(Cc1ccccc1)c1nc2c(c(=O)[nH]c(=O)n2C)n1CCCSc1ncccn1","0"
"O=C(Nc1ccc2c(c1)nc1n2CCOC1)c1ccco1","0"
"COc1ccc(C(CCN2C(=O)CCC2=O)C(C)C)cc1","0"
"COc1ccccc1NC(=O)CCSc1nnnn1C","0"
"Cc1cc(C)c2oc(=O)cc(C[NH+]3CCN(Cc4ccc5c(c4)OCO5)CC3)c2c1","0"
"Cc1ccc(N2C(=O)NC(=O)/C(=C\Nc3ccccc3N)C2=O)cc1C","0"
"CCOC(=O)c1cnn(-c2cc(C)nc3c(-c4ccccc4)cnn23)c1N","0"
"O=C1CC(c2ccccc2)n2nc(NC(=O)C3CCCO3)nc2N1","0"
"COc1ccc2c(c1OC)C(=O)OC2Nc1ccccc1S(=O)(=O)[C-](F)F","0"
"Cc1nc(O)nc(O)c1CSc1nnc([C@@H](NC(=O)OC(C)(C)C)C(C)C)o1","0"
"[NH3+]CCCCCc1nnc(SCc2cccc(Cl)c2)o1","0"
"Nc1c(N2CCCCC2)c(=O)[nH]c(=O)n1-c1ccccc1","0"
"CCCCOP(=O)(c1ccc(N(C)C)cc1)C(O)c1ccncc1","0"
"Cc1nnc2n(C3CCCCC3)c(=O)c3c4c(sc3n12)COC(C)(C)C4","0"
"CCCC1C(c2ccc(OC)cc2)C(C#N)(C#N)C2(C#N)CC1([NH3+])NC2=O","0"
"CC[NH+](CC)CCN1C(=O)C(O)=C(C(=O)c2ccc(F)cc2)C1c1cccnc1","0"
"O=C1NCC(COCC2CC=CCC2)O1","0"
"Nc1nc(-c2cccnc2)nc(N2CCCCC2)n1","0"
"CCCc1nc2ccccc2c(=O)n1/N=C/c1ccc(O)cc1","0"
"CCCn1c(=N)n(CCOc2ccc(OC)cc2)c2ccccc21","0"
"CC/C(=N\c1ccc(N)cc1)C1=C([O-])C(C(=O)OC)C(C)(C)CC1=O","0"
"COCC[NH2+]CC(=O)NC12CC3CC(CC(C3)C1)C2","0"
"Cc1cc(OCC(=O)[O-])c2ccccc2n1","0"
"[O-]c1c(/C=N/CCCn2ccnc2)c(-c2ccccc2)nn1-c1nc2ccccc2s1","0"
"CN(C)c1nc(OCCOC(=O)Nc2ccc(Cl)cc2Cl)nc(N(C)C)n1","0"
"COc1cc2c(cc1OC)C1(CCCC1)C([NH3+])=C2C#N","0"
"CN1C(=O)C(=C([O-])c2ccccc2Cl)C(=O)N(C)C1=O","0"
"Cc1cccc(C)c1NC(=O)C(NC=O)c1ccc(N(C)C)cc1","0"
"O=C1N[C@@H](Cc2c[nH]cn2)C(=O)N2CCC[C@@H]12","0"
"COc1ccc2[nH]cc(CC[NH+](C)C)c2c1","0"
"CCC(=O)c1ccc(O)cc1","0"
"O=C([O-])Cc1ccccc1Nc1c(Cl)cccc1Cl","0"
"COc1ccc(C(c2nnnn2C(C)(C)C)[NH+]2CCN(C)CC2)cc1OC","0"
"O=C([O-])CCn1c(C(=O)[O-])cc2sccc21","0"
"O=C(c1cn(CC(=O)N2CCCC2)c2ccccc12)C1CCCCC1","0"
"CCOC(=O)CN1C(=O)NC2NC(=O)NC21","0"
"Cc1onc(-c2c(Cl)cccc2Cl)c1C(=O)Nn1cnnc1","0"
"O=S(=O)(Cc1ccccc1)N1CCC(c2nc(-c3cccs3)no2)CC1","0"
"O=C(CN1C(=O)CSC1=O)NC1CCCCC1","0"
"CC(C)N(C(=O)CSc1nnnn1C1CCCC1)C(C)C","0"
"Cc1ccc2cc3c(N)c(C(=O)N4CCOCC4)sc3nc2c1","0"
"Cn1c(=O)[nH]c(=O)c2[nH]c(NCCC[NH+]3CCOCC3)nc21","0"
"O=C(c1cnn2c(C(F)F)cc(-c3ccccc3)nc12)N1CCOCC1","0"
"COc1ccccc1C(=O)Nc1ccc2c(c1)OCCO2","0"
"CC(C)(C)n1nnnc1C(c1ccc(C#N)cc1)[NH+]1CCCC2(CCCCC2)C1","0"
"CCOC(=O)CSc1nnc(Cc2ccccc2)n1CC1CCCO1","0"
"O=C(NC1CCCCC1)C(c1ccccc1)N(Cc1ccco1)C(=O)Cn1cnc2ccccc21","0"
"CC(C)CCOc1cccc(OCC(=O)NC2CCS(=O)(=O)C2)c1","0"
"CCCc1cc(Nc2cccc(OC)c2)n2ncnc2n1","0"
"CCn1nnc(NC(=O)c2c(OC)cccc2OC)n1","0"
"Cc1cccc(NC(=O)CSc2nnc(-c3ccco3)o2)c1C","0"
"Cn1ccnc1Sc1nc2c(c(=O)n(C)c(=O)n2C)n1C","0"
"CCNC(=O)C1CC(=O)N(Cc2ccc(F)cc2)C(=[NH+]c2ccc(OC)cc2)S1","0"
"COc1ccc(N2C(=O)C(Cl)=C([NH+]3CCCC3)C2=O)cc1","0"
"CCC(C)(C)n1nnnc1C(c1ccccn1)[NH+]1CCOCC1","0"
"Cc1c(C(=O)Nc2ccc(-n3cnnn3)cc2)oc2ccccc12","0"
"CC[NH+]1CCN(C(=O)CN(c2ccc(C)cc2)S(C)(=O)=O)CC1","0"
"Cc1cc(NC(=O)CSc2nnc(CNc3ccc(F)cc3)n2C2CCCCC2)no1","0"
"CS(=O)(=O)Nc1ccccc1C(=O)N1CCCC1","0"
"CON(C)c1nc(OCCNC(=O)OCc2ccc(Cl)cc2Cl)nc(N(C)C)n1","0"
"O=S(=O)(NC1CC1)c1cccc(S(=O)(=O)N2CCCC2)c1","0"
"O=C1c2ccccc2C(=O)N1c1ccc(S(=O)(=O)N2CCN(c3ccccc3)CC2)cc1","0"
"CNC(=O)CSc1nnc(-c2ccc(S(=O)(=O)N3CCCC3)cc2)n1-c1cccc(C)c1C","0"
"O=C(C[NH+]1CCC(O)(c2ccc3c(c2)OCO3)CC1)N1CCOCC1","0"
"CC(C)(C)Nc1nc(OCC(F)(F)F)nc(OCC(F)(F)F)n1","0"
"CCc1c(C)nc2ncnn2c1N1CCCC(C(=O)NCc2ccc3c(c2)OCO3)C1","0"
"COc1ccc(N2C(=O)CC([NH2+]C3CC3)C2=O)cc1","0"
"CCNc1oc(COc2cccc(C)c2)nc1C#N","0"
"NC(=O)Cn1cnc(-c2ccccc2)c1","0"
"Cc1cc(NC(=O)CSc2nc3c(c(=O)n(C)c(=O)n3C)n2C(C)C)no1","0"
"O=C(Cn1nnc2c(cnn2-c2ccccc2)c1=O)NCc1cccs1","0"
